gene,module,C1,C2,C3,C1_logFC,C2_logFC,C3_logFC
RHOU,C3 SPECIFIC,DOWN,NS,UP,-2.74562652364922,0.86766124926736,1.20208229974405
HLF,C3 SPECIFIC,DOWN,NS,UP,-3.08160305621656,1.21762595416448,2.00189241026374
SCIN,C3 SPECIFIC,DOWN,NS,UP,-2.70646514367576,-0.376791544181229,1.34974588984447
DAPL1,C3 SPECIFIC,DOWN,NS,UP,-2.84497230570198,0.557921060120748,1.41180559216841
CYP2U1,C3 SPECIFIC,NS,NS,UP,0.977897534820711,0.0777163758329156,1.02248309529701
CLU,C3 SPECIFIC,DOWN,NS,UP,-2.50988787857669,-0.154422557628089,1.37309259617966
XM_006716284,C3 SPECIFIC,DOWN,NS,UP,-2.50988787857669,-0.154422557628089,1.37309259617966
VSTM4,C3 SPECIFIC,NS,NS,UP,0.987487526270519,0.0841277386072612,1.12061543767407
XM_006717689,C3 SPECIFIC,NS,NS,UP,0.987487526270519,0.0841277386072612,1.12061543767407
RAB30,C3 SPECIFIC,NS,NS,UP,0.975501319374515,0.199753706646062,1.23217234799099
GNB4,SHARED C1 & C3,UP,NS,UP,4.20995634123732,0.552771400204433,1.30561521970802
ADAMTS1,SHARED C1 & C3,UP,NS,UP,5.44205305225771,0.551074581807832,1.91359223661605
MMP2,SHARED C1 & C3,UP,NS,UP,4.49304483105422,0.242404588601628,2.11571990258637
LAMA4,SHARED C1 & C3,UP,NS,UP,3.88206188158047,-0.279249563713032,2.16261333657404
MFAP5,SHARED C1 & C3,UP,NS,UP,4.35124237019943,-0.607563691908725,3.32368821676491
XR_242903,SHARED C1 & C3,UP,NS,UP,4.35124237019943,-0.607563691908725,3.32368821676491
DOCK10,SHARED C1 & C3,UP,NS,UP,2.76458184852215,0.390881160086169,1.91395782517927
XM_006712616,SHARED C1 & C3,UP,NS,UP,2.76458184852215,0.390881160086169,1.91395782517927
XM_006712618,SHARED C1 & C3,UP,NS,UP,2.76458184852215,0.390881160086169,1.91395782517927
POSTN,SHARED C1 & C3,UP,NS,UP,6.18697360200037,0.802355259985102,2.28830198955315
CNTN4,DOWN IN LIMBUS,DOWN,NS,NS,-3.68621712226523,0.575013864332003,0.629749057410843
XM_006713005,DOWN IN LIMBUS,DOWN,NS,NS,-3.68621712226523,0.575013864332003,0.629749057410843
NLK,DOWN IN LIMBUS,DOWN,NS,NS,-2.06370175075777,0.300318166947717,0.124296527368951
ST6GALNAC3,DOWN IN LIMBUS,DOWN,NS,NS,-2.26836152780575,0.267021663552534,0.395963341502624
XM_006710554,DOWN IN LIMBUS,DOWN,NS,NS,-2.26836152780575,0.267021663552534,0.395963341502624
CFAP68,DOWN IN LIMBUS,DOWN,NS,NS,-1.52442456257801,-0.0431059596917951,-0.138306391253836
NSG1,DOWN IN LIMBUS,DOWN,NS,NS,-1.8377737400385,0.177843884915825,-0.366338362501069
ADIRF,DOWN IN LIMBUS,DOWN,NS,NS,-1.53605843418447,0.228791101625351,-0.788803597315409
RAPH1,DOWN IN LIMBUS,DOWN,NS,NS,-1.4328065572375,0.466053264386311,0.695759906534144
DLG3,DOWN IN LIMBUS,DOWN,NS,NS,-1.36693480316493,-0.222040155827191,-0.643979484647347
PRKACB,C1 SPECIFIC,UP,NS,NS,3.36208444225778,0.24325009583286,0.846405935449629
TGFBR2,C1 SPECIFIC,UP,NS,NS,3.27352717270878,0.24458454837621,0.465809870259086
ARMCX3,C1 SPECIFIC,UP,NS,NS,3.26206031128938,0.0522961371695807,0.498231467486198
GUCY1B1,C1 SPECIFIC,UP,NS,NS,3.21634875956942,0.655670545040762,0.190937810722873
PDGFC,C1 SPECIFIC,UP,NS,NS,2.59137255148465,-0.0506785388736919,-0.470918292473305
EDNRA,C1 SPECIFIC,UP,NS,NS,3.70474737879154,0.808017360425715,-0.212147570242934
CYB5R3,C1 SPECIFIC,UP,NS,NS,1.56042881316789,0.116507844735221,0.675194031115337
RBPMS,C1 SPECIFIC,UP,NS,NS,3.75020197343616,-0.548304709943137,0.664778799596267
SAMHD1,C1 SPECIFIC,UP,NS,NS,4.69763441616162,-0.135360168776857,0.725248063512809
XM_005260384,C1 SPECIFIC,UP,NS,NS,4.69763441616162,-0.135360168776857,0.725248063512809
HACD1,CORE — all 3 contrasts,UP,UP,UP,2.1115889518766,0.845366817129346,1.42660404565321
XR_428651,CORE — all 3 contrasts,UP,UP,UP,2.1115889518766,0.845366817129346,1.42660404565321
PRR16,CORE — all 3 contrasts,UP,UP,UP,1.90524198373596,1.74840772981567,1.88033346340096
XM_005272012,CORE — all 3 contrasts,UP,UP,UP,1.90524198373596,1.74840772981567,1.88033346340096
PTGFR,CORE — all 3 contrasts,UP,UP,UP,2.99212994090119,1.47663940261479,2.45053622353973
XR_426624,CORE — all 3 contrasts,UP,UP,UP,2.99212994090119,1.47663940261479,2.45053622353973
PLPP3,CORE — all 3 contrasts,UP,UP,UP,2.462513596979,1.42238438252056,2.98013190196459
ZEB1,CORE — all 3 contrasts,UP,UP,UP,2.76963881714284,1.33476559202238,2.25390222206776
EYA4,CORE — all 3 contrasts,UP,UP,UP,2.20119833349443,1.23169081895998,1.86577975779709
XM_005266852,CORE — all 3 contrasts,UP,UP,UP,2.20119833349443,1.23169081895998,1.86577975779709
EPB41L4B,C2 SPECIFIC,DOWN,UP,NS,-1.97791866125468,0.872146844749953,-0.41037633849793
FA2H,C2 SPECIFIC,DOWN,UP,NS,-2.06338316652612,2.06689039358325,0.649082137717748
WNT3,C2 SPECIFIC,DOWN,UP,NS,-2.34443646175291,1.2616978601133,0.258397547126998
LAMB3,C2 SPECIFIC,NS,UP,DOWN,-0.657097048887904,0.658087911973245,-2.11115031801425
SUCO,C2 SPECIFIC,DOWN,UP,NS,-1.81865844248685,1.27407547316362,0.096375734276668
XM_005245251,C2 SPECIFIC,DOWN,UP,NS,-1.81865844248685,1.27407547316362,0.096375734276668
DSC2,C2 SPECIFIC,DOWN,UP,DOWN,-2.13062578203191,1.41208891951178,-1.15780906232994
PALS2,C2 SPECIFIC,DOWN,UP,NS,-1.2909643315488,1.05145029637818,0.282640891578584
XM_006715741,C2 SPECIFIC,DOWN,UP,NS,-1.2909643315488,1.05145029637818,0.282640891578584
GALNT18,C2 SPECIFIC,DOWN,UP,NS,-1.510482874049,1.16844720494327,0.150489655685639
CTSF,SHARED C2 & C3,NS,UP,UP,0.0116493284574268,0.652351017644722,1.39326973228745
SYNPR,SHARED C2 & C3,DOWN,UP,UP,-2.47582926386955,3.13367856140382,1.71654494351626
MATN2,SHARED C2 & C3,NS,UP,UP,-0.988318372377506,1.83868217336519,2.33475318764387
CPXM2,SHARED C2 & C3,NS,UP,UP,-0.911774193811638,2.71764146737017,3.18195658278753
GHR,SHARED C2 & C3,NS,UP,UP,0.955088469514465,1.37159418007693,1.56824876649108
SNAI1,SHARED C2 & C3,NS,UP,UP,0.912116470033918,1.09158832406043,1.18208588550161
ROBO2,SHARED C2 & C3,NS,UP,UP,-0.3552492114551,1.5845587416237,1.79887266994789
XM_006713279,SHARED C2 & C3,NS,UP,UP,-0.3552492114551,1.5845587416237,1.79887266994789
STON1,SHARED C2 & C3,NS,UP,UP,0.295303989775229,1.44215836430251,1.4496458527621
MGARP,SHARED C2 & C3,DOWN,UP,UP,-1.698550104208,2.70471016466126,2.67042687089446
TNC,SHARED C1 & C2,UP,UP,NS,4.0516368819014,3.09189586318585,1.17205597704967
SERPINA3,SHARED C1 & C2,UP,UP,NS,3.53473535456677,2.51165912060562,0.535448547662995
PWWP3B,SHARED C1 & C2,UP,UP,NS,1.59761906861983,2.2515025218665,0.635598889984016
SLC26A4,SHARED C1 & C2,UP,UP,NS,2.21514922729172,2.38822579308711,0.967827947279638
XM_005250425,SHARED C1 & C2,UP,UP,NS,2.21514922729172,2.38822579308711,0.967827947279638
XM_006716024,SHARED C1 & C2,UP,UP,NS,2.21514922729172,2.38822579308711,0.967827947279638
XM_006716025,SHARED C1 & C2,UP,UP,NS,2.21514922729172,2.38822579308711,0.967827947279638
SAA2,SHARED C1 & C2,UP,UP,NS,2.89736325105827,4.36863964533906,-1.35508701492566
SAA2-SAA4,SHARED C1 & C2,UP,UP,NS,2.56157662187075,4.1649913242426,-0.203278131960078
