"","Symbol","logFC","AveExpr","t","P.Value","adj.P.Val","B","status"
"LAMB3","LAMB3",-2.11115031801425,10.5220085793309,-15.5729961808994,8.3432600002437e-11,2.00254926525849e-06,14.3371990098351,"Down"
"PTHLH","PTHLH",-3.7586455461264,4.48244948395766,-13.8882535587104,4.32127481798665e-10,2.86299917647708e-06,12.9831560897845,"Down"
"XM_006719115","XM_006719115",-3.7586455461264,4.48244948395766,-13.8882535587104,4.32127481798665e-10,2.86299917647708e-06,12.9831560897845,"Down"
"TGFA","TGFA",-2.85786752225815,5.77021814787765,-11.3104198911954,7.70488587058805e-09,1.2328844711057e-05,10.4729439327254,"Down"
"DSG2","DSG2",-2.37423090789489,6.38117075258064,-10.2391083638387,2.99146638540306e-08,3.59005880912221e-05,9.24022341853603,"Down"
"PPBP","PPBP",-2.35375489482404,3.6224582175408,-9.53786807659023,7.71883770681344e-08,7.71948094328901e-05,8.3628605994173,"Down"
"ITGB4","ITGB4",-2.27374438006585,4.89929952289584,-9.29720561160578,1.08137057457652e-07,9.60917310102315e-05,8.04795960854952,"Down"
"CTSC","CTSC",-1.76209944437464,7.67871109742569,-9.27179051268066,1.12097678038767e-07,9.60917310102315e-05,8.01427929861314,"Down"
"CWH43","CWH43",-3.03470276021972,3.64397582124485,-8.90026014081905,1.91215518276137e-07,0.000131130139133252,7.51245198715955,"Down"
"TMEM156","TMEM156",-1.86473299451474,3.59013082226674,-8.1768003097638,5.66293492748873e-07,0.000234454148828933,6.48256563829141,"Down"
"XM_005262670","XM_005262670",-1.86473299451474,3.59013082226674,-8.1768003097638,5.66293492748873e-07,0.000234454148828933,6.48256563829141,"Down"
"RPS6KA1","RPS6KA1",-1.39388353449994,7.65379813179825,-8.17650669378669,5.66550313810438e-07,0.000234454148828933,6.48213305588085,"Down"
"XM_005245966","XM_005245966",-1.39388353449994,7.65379813179825,-8.17650669378669,5.66550313810438e-07,0.000234454148828933,6.48213305588085,"Down"
"XM_005245967","XM_005245967",-1.39388353449994,7.65379813179825,-8.17650669378669,5.66550313810438e-07,0.000234454148828933,6.48213305588085,"Down"
"PI3","PI3",-3.11570932792487,5.64703999045882,-8.08673743961383,6.51116937607296e-07,0.00023951424377537,6.34930856172084,"Down"
"CCL20","CCL20",-2.22896906687629,4.16717509658916,-8.08609856948902,6.51764268356861e-07,0.00023951424377537,6.34835920816297,"Down"
"LAMC2","LAMC2",-3.73997780126219,5.48171243283669,-8.07938355450226,6.58609286275079e-07,0.00023951424377537,6.33837728783544,"Down"
"XM_006711316","XM_006711316",-3.73997780126219,5.48171243283669,-8.07938355450226,6.58609286275079e-07,0.00023951424377537,6.33837728783544,"Down"
"PRSS22","PRSS22",-1.6004564203706,6.73392741609672,-8.04525960703895,6.94580978421066e-07,0.00024516665653033,6.28755329330738,"Down"
"XM_006720915","XM_006720915",-1.6004564203706,6.73392741609672,-8.04525960703895,6.94580978421066e-07,0.00024516665653033,6.28755329330738,"Down"
"ITGB6","ITGB6",-3.40260080852674,8.94839750155604,-8.00209209385238,7.43068719225495e-07,0.000247513119795655,6.22302357480651,"Down"
"FZD3","FZD3",-1.4575402088393,5.29064162808707,-7.94614557937309,8.11262647909304e-07,0.000250354528753752,6.13899694886957,"Down"
"ITGA6","ITGA6",-1.24694210403086,7.91830635034159,-7.86874264468841,9.16644065710858e-07,0.000262146517138701,6.02200823529851,"Down"
"PNLIPRP3","PNLIPRP3",-3.4295297828295,4.59022939063071,-7.86554548890132,9.21294786120312e-07,0.000262146517138701,6.0171575291024,"Down"
"EFHD2","EFHD2",-1.2708579742827,8.08972392117922,-7.86482301725071,9.22349154273747e-07,0.000262146517138701,6.01606119622652,"Down"
"LRAT","LRAT",-2.46398622324348,4.07051715770644,-7.84335715770812,9.54261671138745e-07,0.000263266535984737,5.98345310816424,"Down"
"XM_006714412","XM_006714412",-2.46398622324348,4.07051715770644,-7.84335715770812,9.54261671138745e-07,0.000263266535984737,5.98345310816424,"Down"
"MBOAT2","MBOAT2",-2.28752357279354,7.3299083145914,-7.70377333761715,1.19219400227902e-06,0.000307688606910764,5.76979701405831,"Down"
"XR_241248","XR_241248",-2.28752357279354,7.3299083145914,-7.70377333761715,1.19219400227902e-06,0.000307688606910764,5.76979701405831,"Down"
"MISP","MISP",-1.19487294355091,7.19078175643344,-7.67666994644367,1.24521744436024e-06,0.000317954352122708,5.727984133349,"Down"
"PLA2G7","PLA2G7",-1.99413558828789,4.36380404509357,-7.66853941811096,1.26160193502373e-06,0.000318747048888837,5.71542023427579,"Down"
"CBLC","CBLC",-1.46605461184496,7.28438643827436,-7.59974913479175,1.40962520237998e-06,0.000348802310386849,5.60873555386712,"Down"
"OSBPL3","OSBPL3",-1.19086423052444,7.83300794287469,-7.50077469577637,1.65536648265755e-06,0.000405429656293332,5.45402760075099,"Down"
"KLK7","KLK7",-3.14497754591117,5.76715704909093,-7.47676862938644,1.72149329763213e-06,0.000413192821297664,5.41628727945682,"Down"
"HNF4G","HNF4G",-1.52944387574038,4.50305677648923,-7.44651251591522,1.80880649215157e-06,0.00042985122202596,5.36860060693228,"Down"
"MARVELD2","MARVELD2",-1.65253003335996,4.94632341782792,-7.40510451826937,1.93590088964162e-06,0.000451121292749302,5.30311919604132,"Down"
"XM_005276758","XM_005276758",-1.65253003335996,4.94632341782792,-7.40510451826937,1.93590088964162e-06,0.000451121292749302,5.30311919604132,"Down"
"CCNA1","CCNA1",-2.34203449293955,4.54170092604685,-7.38905896379793,1.98763752851217e-06,0.000458723807301434,5.27767732073899,"Down"
"SLC37A2","SLC37A2",-1.30296021094651,6.1195099233333,-7.30736403187896,2.27448831921089e-06,0.000482212485004635,5.14755221111453,"Down"
"PRKCZ","PRKCZ",-1.01930580752671,8.68837386115363,-7.3031753312685,2.29031844390169e-06,0.000482212485004635,5.14085378103928,"Down"
"XM_006710764","XM_006710764",-1.01930580752671,8.68837386115363,-7.3031753312685,2.29031844390169e-06,0.000482212485004635,5.14085378103928,"Down"
"XM_006710766","XM_006710766",-1.01930580752671,8.68837386115363,-7.3031753312685,2.29031844390169e-06,0.000482212485004635,5.14085378103928,"Down"
"XM_006710767","XM_006710767",-1.01930580752671,8.68837386115363,-7.3031753312685,2.29031844390169e-06,0.000482212485004635,5.14085378103928,"Down"
"XM_006710768","XM_006710768",-1.01930580752671,8.68837386115363,-7.3031753312685,2.29031844390169e-06,0.000482212485004635,5.14085378103928,"Down"
"WNT7A","WNT7A",-2.11395360303657,5.85050413727866,-7.236141410777,2.55999221743844e-06,0.000516760897804983,5.03330164822487,"Down"
"SAMD9","SAMD9",-1.99049889437639,7.00937304638822,-7.22951277759275,2.5884102441899e-06,0.000516760897804983,5.02263016677355,"Down"
"ANXA9","ANXA9",-1.98741692474263,5.31135615386608,-7.16061301031977,2.90414833599476e-06,0.000526385141062296,4.911321302289,"Down"
"XM_005245539","XM_005245539",-1.98741692474263,5.31135615386608,-7.16061301031977,2.90414833599476e-06,0.000526385141062296,4.911321302289,"Down"
"LPCAT4","LPCAT4",-1.3113664364473,6.76420254528503,-7.14961297008592,2.95818040453102e-06,0.000526385141062296,4.893485158698,"Down"
"XR_243087","XR_243087",-1.3113664364473,6.76420254528503,-7.14961297008592,2.95818040453102e-06,0.000526385141062296,4.893485158698,"Down"
"TSPAN1","TSPAN1",-1.91047638844689,10.2218117212327,-7.14850311064562,2.96369020954755e-06,0.000526385141062296,4.89168456353478,"Down"
"EPHB2","EPHB2",-1.05817157485898,5.04413316356527,-7.0797534180469,3.32684885240429e-06,0.000552246087571874,4.77978970980739,"Down"
"MIR492","MIR492",-2.06357525267957,5.90862725952709,-7.06438819551692,3.41421038778063e-06,0.000556094742479422,4.75468536349486,"Down"
"KRT19P2","KRT19P2",-2.06357525267957,5.90862725952709,-7.06438819551692,3.41421038778063e-06,0.000556094742479422,4.75468536349486,"Down"
"PLEK2","PLEK2",-2.38950911339661,7.88693763508935,-7.06183380161857,3.42896516485936e-06,0.000556094742479422,4.7505084707279,"Down"
"MREG","MREG",-1.35168076744033,7.17504713358568,-7.02108709257875,3.67357370317378e-06,0.00058597921492977,4.68374851661015,"Down"
"CORO2A","CORO2A",-1.58994675284561,6.9820791695981,-7.00117462756439,3.79969268149347e-06,0.000588388540265847,4.65103341187328,"Down"
"KRT23","KRT23",-2.8310806621448,7.00759266761875,-6.96307827808115,4.05377951032955e-06,0.000610698324422111,4.58827790612121,"Down"
"MYH16","MYH16",-1.049691258887,3.33051197017549,-6.95475355847412,4.11163314486727e-06,0.000610698324422111,4.5745358163165,"Down"
"OCIAD2","OCIAD2",-1.69192137426533,10.2994049072339,-6.93989182710124,4.21707528361526e-06,0.000610698324422111,4.54997691587926,"Down"
"MMP9","MMP9",-2.71517277726633,6.31674171860919,-6.93976635934499,4.21797741303545e-06,0.000610698324422111,4.54976944057874,"Down"
"CNTNAP3B","CNTNAP3B",-1.7750704486855,8.19785239662072,-6.93160018123246,4.27712985172447e-06,0.000610698324422111,4.53626066049417,"Down"
"CNTNAP3","CNTNAP3",-1.7750704486855,8.19785239662072,-6.93160018123246,4.27712985172447e-06,0.000610698324422111,4.53626066049417,"Down"
"CNTNAP3P2","CNTNAP3P2",-1.7750704486855,8.19785239662072,-6.93160018123246,4.27712985172447e-06,0.000610698324422111,4.53626066049417,"Down"
"XM_006716859","XM_006716859",-1.7750704486855,8.19785239662072,-6.93160018123246,4.27712985172447e-06,0.000610698324422111,4.53626066049417,"Down"
"CPA6","CPA6",-1.47783655913058,3.38320583632821,-6.92051498484368,4.35881902342356e-06,0.000615413965883602,4.51790715765468,"Down"
"LIPH","LIPH",-2.46366960180784,7.0843728502849,-6.90484393913383,4.47709838763713e-06,0.000626992451768305,4.49192956712889,"Down"
"FERMT1","FERMT1",-2.92272637616925,9.59644348838993,-6.88746172279424,4.61223090815376e-06,0.000626992451768305,4.46307236175541,"Down"
"TMC7","TMC7",-1.41752248797035,3.70017601580226,-6.88281395480733,4.64908188695366e-06,0.000626992451768305,4.45534866611992,"Down"
"BAK1","BAK1",-1.1124070009199,7.35777468694224,-6.88202190307482,4.65539252584507e-06,0.000626992451768305,4.45403210575257,"Down"
"TAGLN3","TAGLN3",-1.7940015633193,5.45694837173469,-6.87945210839282,4.67592904201844e-06,0.000626992451768305,4.44975990675952,"Down"
"KLK6","KLK6",-2.33162447196908,5.54957562568229,-6.85733922502047,4.85661017026686e-06,0.000644024073517929,4.41295706024736,"Down"
"TMPRSS11B","TMPRSS11B",-1.76582267362929,3.57054016338327,-6.84859506843739,4.93005926450452e-06,0.000650171881684822,4.39838378727737,"Down"
"XM_006716863","XM_006716863",-1.52208208870207,8.16440297126536,-6.82656997298943,5.12026202063357e-06,0.0006643055622662,4.36162529527018,"Down"
"XR_432407","XR_432407",-1.52208208870207,8.16440297126536,-6.82656997298943,5.12026202063357e-06,0.0006643055622662,4.36162529527018,"Down"
"ADAP1","ADAP1",-1.01273406043522,8.88191918352691,-6.81544912440287,5.21920003396495e-06,0.000666336378804397,4.34303766203763,"Down"
"IL1B","IL1B",-2.9327290777741,6.56189902757087,-6.80849135789085,5.28211580210891e-06,0.000670800759165175,4.33139886343527,"Down"
"SERPINB7","SERPINB7",-2.99685272586443,5.24361814123768,-6.72937592502238,6.05595972280432e-06,0.000745411001367945,4.19854551302278,"Down"
"TMPRSS2","TMPRSS2",-1.73157395457974,6.23828508250228,-6.68842876453302,6.50218120147732e-06,0.00077975002552081,4.12941681129449,"Down"
"XM_005261042","XM_005261042",-1.73157395457974,6.23828508250228,-6.68842876453302,6.50218120147732e-06,0.00077975002552081,4.12941681129449,"Down"
"XM_005261044","XM_005261044",-1.73157395457974,6.23828508250228,-6.68842876453302,6.50218120147732e-06,0.00077975002552081,4.12941681129449,"Down"
"XM_006724048","XM_006724048",-1.73157395457974,6.23828508250228,-6.68842876453302,6.50218120147732e-06,0.00077975002552081,4.12941681129449,"Down"
"OAS2","OAS2",-1.22491710187464,6.15925294337181,-6.68146383777048,6.58143903160965e-06,0.00077975002552081,4.11763329593646,"Down"
"PRSS3P2","PRSS3P2",-2.55578737975294,6.04509103503291,-6.66771215319613,6.74090670579651e-06,0.000793113935061411,4.09434632546342,"Down"
"RTKN","RTKN",-1.11725689914169,6.38791923130803,-6.64860161531014,6.9692524347043e-06,0.000808096603564119,4.06193761314132,"Down"
"XM_005264478","XM_005264478",-1.11725689914169,6.38791923130803,-6.64860161531014,6.9692524347043e-06,0.000808096603564119,4.06193761314132,"Down"
"FBXW10","FBXW10",-1.39987517871805,4.77639886872803,-6.61756408845303,7.35749303087727e-06,0.000829082383695381,4.00918570498322,"Down"
"FBXW10B","FBXW10B",-1.39987517871805,4.77639886872803,-6.61756408845303,7.35749303087727e-06,0.000829082383695381,4.00918570498322,"Down"
"XM_006721422","XM_006721422",-1.39987517871805,4.77639886872803,-6.61756408845303,7.35749303087727e-06,0.000829082383695381,4.00918570498322,"Down"
"MTNR1A","MTNR1A",-1.46596634027719,4.03746021145412,-6.59067195466688,7.71214867043733e-06,0.000837685094286542,3.96336255394993,"Down"
"CDH3","CDH3",-2.62093076803746,9.58694685568697,-6.5854661717141,7.78284209757099e-06,0.000837685094286542,3.95447957438942,"Down"
"ATP13A2","ATP13A2",-1.56191093059711,6.28463933134499,-6.57630582337503,7.90888611423918e-06,0.000847451270151646,3.93883878767448,"Down"
"ZFP42","ZFP42",-1.78708960750533,3.75251202920977,-6.54537852813394,8.35042280126823e-06,0.000886844460513451,3.88593922964214,"Down"
"CAB39","CAB39",-1.06025074122804,5.80774050116941,-6.54206266616296,8.3992669314788e-06,0.000888102224182177,3.8802591094397,"Down"
"SLC6A15","SLC6A15",-2.4747708754656,5.46073782486492,-6.52659472121399,8.63109091018432e-06,0.000903140590566997,3.85374052883762,"Down"
"CYB5R2","CYB5R2",-1.5944997065863,7.93770685819595,-6.51667881784991,8.78321082130783e-06,0.000903140590566997,3.83672163785369,"Down"
"XM_005252973","XM_005252973",-1.5944997065863,7.93770685819595,-6.51667881784991,8.78321082130783e-06,0.000903140590566997,3.83672163785369,"Down"
"XM_005252976","XM_005252976",-1.5944997065863,7.93770685819595,-6.51667881784991,8.78321082130783e-06,0.000903140590566997,3.83672163785369,"Down"
"SPINT2","SPINT2",-1.45538913271021,11.3494011612396,-6.51451716002649,8.8167429536801e-06,0.000903140590566997,3.83300958031595,"Down"
"AP1M2","AP1M2",-1.8014403809014,7.43352244624958,-6.51286160144253,8.8425147397402e-06,0.000903140590566997,3.83016613696996,"Down"
"UPK1B","UPK1B",-2.31622511569559,10.8236437817491,-6.44549126174642,9.96088907238538e-06,0.000975841875573036,3.7141087077516,"Down"
"GBP6","GBP6",-1.96281829316957,4.91392206075248,-6.38791322100701,1.10336045027367e-05,0.00103448662216675,3.61438248466158,"Down"
"LIPG","LIPG",-2.06176505404583,4.50986427180873,-6.33666993493476,1.20897218858356e-05,0.00109862323243343,3.52521210777036,"Down"
"XM_005258390","XM_005258390",-2.06176505404583,4.50986427180873,-6.33666993493476,1.20897218858356e-05,0.00109862323243343,3.52521210777036,"Down"
"OAS1","OAS1",-1.66372757364296,7.69760227184125,-6.33300449375903,1.21691990235488e-05,0.00109862323243343,3.51881873919223,"Down"
"LIMK2","LIMK2",-1.17448768708289,4.64316475399002,-6.32891188865189,1.22585825828432e-05,0.00109862323243343,3.51167793511551,"Down"
"AREG","AREG",-2.58271594555719,5.86219791933207,-6.32435812500223,1.23588433242325e-05,0.00109862323243343,3.50372956779562,"Down"
"UBA6","UBA6",-1.3134939720767,6.76645175060728,-6.32306529398934,1.23874633362125e-05,0.00109862323243343,3.50147243318934,"Down"
"CLDN7","CLDN7",-1.93610438407046,10.1611710407102,-6.30479481079437,1.27993994509146e-05,0.00111127009356992,3.46954767338879,"Down"
"PRSS2","PRSS2",-2.36172025972002,3.99481934330922,-6.29294614249806,1.30741612084928e-05,0.00111674739262008,3.44881747412835,"Down"
"XM_005276996","XM_005276996",-2.36172025972002,3.99481934330922,-6.29294614249806,1.30741612084928e-05,0.00111674739262008,3.44881747412835,"Down"
"VNN2","VNN2",-2.07279806873936,5.40194765811372,-6.28251497312564,1.33211430923484e-05,0.00113380878192392,3.43055003180876,"Down"
"GK3","GK3",-1.33540595557084,4.29910292350152,-6.19004657785422,1.57352758919039e-05,0.00127593949985634,3.2679102883577,"Down"
"PRR15","PRR15",-1.29161027318062,6.10018718862186,-6.16011088258242,1.66111918000098e-05,0.00130790529102752,3.21498623563187,"Down"
"XM_005249653","XM_005249653",-1.29161027318062,6.10018718862186,-6.16011088258242,1.66111918000098e-05,0.00130790529102752,3.21498623563187,"Down"
"ZNF702P","ZNF702P",-1.24090900175912,3.67671539171377,-6.15338611772485,1.68148552991828e-05,0.00131442848984672,3.20307916662963,"Down"
"TNFRSF10A","TNFRSF10A",-1.25968347168169,6.77886395195102,-6.14086908504708,1.72008984962472e-05,0.00132751114375217,3.18089838284274,"Down"
"VNN3P","VNN3P",-1.7176067490985,4.49149295646408,-6.1389810752246,1.72599239546148e-05,0.00132779709858547,3.17755073497271,"Down"
"TMEM102","TMEM102",-1.04415449841357,6.33718716960515,-6.04541065292716,2.04662456251825e-05,0.00141565079969922,3.01098382638107,"Down"
"ITGB8","ITGB8",-1.88296557942165,10.5481137981678,-6.01890283023182,2.14830718905715e-05,0.00147746903013609,2.96356349437443,"Down"
"MYO1E","MYO1E",-1.34171075993945,7.40365847977451,-6.0149767037123,2.16380891149776e-05,0.00148387832839341,2.95653125320604,"Down"
"SLC12A6","SLC12A6",-1.01779374508215,5.83586284102033,-5.97756423133158,2.31749968620704e-05,0.00155245616940161,2.88940763902719,"Down"
"KLK5","KLK5",-3.40803047261926,7.30670789287571,-5.97498851749116,2.32849021325131e-05,0.00155245616940161,2.88477892845791,"Down"
"SLC5A1","SLC5A1",-1.53677417666669,4.74310353353145,-5.96154848092687,2.38672491030953e-05,0.00158249091981352,2.86061075582123,"Down"
"KCNG1","KCNG1",-2.23216717851887,6.45094035350345,-5.95264426134238,2.42613903715361e-05,0.00160394818115429,2.84458455565025,"Down"
"TLCD1","TLCD1",-1.3147663602033,7.93500886609921,-5.9271967855276,2.54255772423512e-05,0.00166284660755018,2.79871976871008,"Down"
"TMEM45B","TMEM45B",-2.4252113055138,7.55537101034124,-5.91631477747553,2.59410119087492e-05,0.00166776291738537,2.7790781932605,"Down"
"XM_005271400","XM_005271400",-2.4252113055138,7.55537101034124,-5.91631477747553,2.59410119087492e-05,0.00166776291738537,2.7790781932605,"Down"
"XM_005271401","XM_005271401",-2.4252113055138,7.55537101034124,-5.91631477747553,2.59410119087492e-05,0.00166776291738537,2.7790781932605,"Down"
"PTK2","PTK2",-1.35140844740038,5.64897611290727,-5.91567134993173,2.5971826585652e-05,0.00166776291738537,2.77791629751971,"Down"
"XM_006716606","XM_006716606",-1.35140844740038,5.64897611290727,-5.91567134993173,2.5971826585652e-05,0.00166776291738537,2.77791629751971,"Down"
"TMEM54","TMEM54",-1.28448710443918,7.42021149973028,-5.85456279729035,2.90790707584638e-05,0.00179184352100496,2.66729522429187,"Down"
"XM_005270408","XM_005270408",-1.28448710443918,7.42021149973028,-5.85456279729035,2.90790707584638e-05,0.00179184352100496,2.66729522429187,"Down"
"PKP1","PKP1",-1.37920667852006,6.23707790426789,-5.84011848462229,2.98684961066561e-05,0.00181494593304293,2.64106920035903,"Down"
"RHOD","RHOD",-1.03022349561368,8.03649337831846,-5.83185816372057,3.03299286159238e-05,0.0018337001174796,2.62605780746488,"Down"
"TINAGL1","TINAGL1",-2.39628255990602,7.58460752379785,-5.8092603355574,3.1630520200619e-05,0.00187175973007262,2.58494120474099,"Down"
"MAPK13","MAPK13",-1.32898150560405,8.23527861115614,-5.80873735361621,3.16612969923125e-05,0.00187175973007262,2.58398877990522,"Down"
"BMAL2","BMAL2",-2.69798878796022,5.2027134283503,-5.79606559118679,3.24166024995577e-05,0.00188393049199608,2.56089978157648,"Down"
"XM_006719113","XM_006719113",-2.69798878796022,5.2027134283503,-5.79606559118679,3.24166024995577e-05,0.00188393049199608,2.56089978157648,"Down"
"HMGA2","HMGA2",-2.02068283492741,4.56839519350838,-5.77775820716362,3.35410397814642e-05,0.00193058042406404,2.52750187844959,"Down"
"XM_005269164","XM_005269164",-2.02068283492741,4.56839519350838,-5.77775820716362,3.35410397814642e-05,0.00193058042406404,2.52750187844959,"Down"
"GPD2","GPD2",-1.19179404899093,6.10980583876927,-5.76455813952991,3.43768739419427e-05,0.00196915454244924,2.5033916609869,"Down"
"ORMDL2","ORMDL2",-1.36409032440356,9.3337738198552,-5.74904762410635,3.53867240865893e-05,0.00198911510896093,2.47502982129317,"Down"
"SERPINB5","SERPINB5",-2.3756647294833,6.4726420913856,-5.71302086612576,3.78530262418899e-05,0.00209826405509894,2.40902180897103,"Down"
"IFNE","IFNE",-1.18859223325902,3.48251672458833,-5.71076366060089,3.80133712735845e-05,0.00210229709057276,2.40488008597075,"Down"
"CCDC134","CCDC134",-1.05356909947926,5.39380312693609,-5.70928698762643,3.81186510926666e-05,0.00210327324948548,2.40217016661916,"Down"
"PRSS3","PRSS3",-1.59519987882017,5.59033119221449,-5.69293841831787,3.93046613868183e-05,0.00213920744355195,2.37214760162705,"Down"
"XM_005251519","XM_005251519",-1.59519987882017,5.59033119221449,-5.69293841831787,3.93046613868183e-05,0.00213920744355195,2.37214760162705,"Down"
"F11R","F11R",-1.81588734969122,5.84192016992477,-5.68738373096237,3.97162933148926e-05,0.00215672052521279,2.36193842643761,"Down"
"FAM83A","FAM83A",-1.58257443725597,9.4779543982519,-5.66236677593826,4.16264012039987e-05,0.00221486506211303,2.31590531220028,"Down"
"CMTM7","CMTM7",-1.77367723289405,8.09010236707766,-5.66130159743966,4.17098161851134e-05,0.00221486506211303,2.31394336270961,"Down"
"IDO1","IDO1",-1.25382124303615,5.91436629165901,-5.63951184505716,4.34547994101003e-05,0.00228728529702023,2.27377420293577,"Down"
"RAB3IP","RAB3IP",-1.19798610560621,5.34829510245727,-5.63401206914773,4.3907096596339e-05,0.00228881527142786,2.26362499648568,"Down"
"XM_006719228","XM_006719228",-1.19798610560621,5.34829510245727,-5.63401206914773,4.3907096596339e-05,0.00228881527142786,2.26362499648568,"Down"
"TRIML2","TRIML2",-1.18442852190088,4.62026421066366,-5.62859471562218,4.43573924301036e-05,0.0022984205196935,2.25362378798984,"Down"
"NECTIN1","NECTIN1",-1.17274960854818,7.24824577316152,-5.62769754542839,4.44324273451289e-05,0.0022984205196935,2.25196709088373,"Down"
"GK","GK",-1.56134447037277,5.04078600037529,-5.61086692122123,4.58647316612015e-05,0.00235727042683546,2.22086732876168,"Down"
"GNA15","GNA15",-1.75905092749239,8.48533750513525,-5.60152462921847,4.66803627906317e-05,0.00239406424722381,2.20358766554042,"Down"
"MUC16","MUC16",-1.55709509927698,7.63709099808077,-5.59726288513046,4.70574187719438e-05,0.00240825621612835,2.19570107066905,"Down"
"RAB27B","RAB27B",-1.47298844027583,4.35998647236618,-5.58395022077921,4.82557290006213e-05,0.00244869769021758,2.1710491284979,"Down"
"ADAM19","ADAM19",-2.2965395142306,5.31744934303931,-5.55192293558889,5.12700330904082e-05,0.00257444212183259,2.11164237647559,"Down"
"XM_005266003","XM_005266003",-2.2965395142306,5.31744934303931,-5.55192293558889,5.12700330904082e-05,0.00257444212183259,2.11164237647559,"Down"
"SEC14L2","SEC14L2",-1.86304863229091,4.68144778135092,-5.53031763449224,5.34131878771574e-05,0.00264604922244642,2.07148793009276,"Down"
"PRSS8","PRSS8",-1.44851584041368,7.51211527688326,-5.5082551077855,5.5697708910585e-05,0.00268445062102783,2.03041817860193,"Down"
"CDCP1","CDCP1",-1.48217327193756,4.42893450037721,-5.48672477527638,5.80248706285671e-05,0.00274780177935885,1.99027556504683,"Down"
"TMEM62","TMEM62",-1.00313696327135,7.25463256392176,-5.47187991520703,5.96879178815536e-05,0.00280333059051938,1.96256139116558,"Down"
"SPHK1","SPHK1",-1.57391381009987,7.44696900824641,-5.46335593376737,6.06650921879248e-05,0.00283284735932796,1.9466344086968,"Down"
"MST1R","MST1R",-1.16787736316945,7.03465680222681,-5.43786565573131,6.36873459696158e-05,0.00292279861943159,1.89894800128263,"Down"
"LLGL2","LLGL2",-1.03320582316358,5.86515356992764,-5.42980951001515,6.46746243558987e-05,0.00293258361393701,1.88385878180976,"Down"
"XM_006721899","XM_006721899",-1.03320582316358,5.86515356992764,-5.42980951001515,6.46746243558987e-05,0.00293258361393701,1.88385878180976,"Down"
"CASP6","CASP6",-1.22514658483099,8.67650732128834,-5.42710036479539,6.50101795568073e-05,0.00293258361393701,1.87878259224796,"Down"
"XM_005263271","XM_005263271",-1.22514658483099,8.67650732128834,-5.42710036479539,6.50101795568073e-05,0.00293258361393701,1.87878259224796,"Down"
"ST3GAL4","ST3GAL4",-1.12072919895356,7.56415734727455,-5.42619783049752,6.5122367562221e-05,0.00293258361393701,1.87709127563306,"Down"
"XM_006718897","XM_006718897",-1.12072919895356,7.56415734727455,-5.42619783049752,6.5122367562221e-05,0.00293258361393701,1.87709127563306,"Down"
"STARD10","STARD10",-1.07455413682727,6.05342705229779,-5.41478325477764,6.65586647721492e-05,0.00297493681910824,1.85569143733537,"Down"
"MACC1","MACC1",-2.68288064742667,6.84520524076219,-5.38026719161212,7.11047275434657e-05,0.00312574298626056,1.79087647592847,"Down"
"KYNU","KYNU",-2.30127988468299,7.65193085405922,-5.35666587159469,7.4397293072773e-05,0.00321166156174946,1.7464672282517,"Down"
"MDFI","MDFI",-1.10838560660233,5.80885001463967,-5.35058930764563,7.5270296337998e-05,0.00322623543350452,1.73502151181148,"Down"
"XM_005249118","XM_005249118",-1.10838560660233,5.80885001463967,-5.35058930764563,7.5270296337998e-05,0.00322623543350452,1.73502151181148,"Down"
"CCDC88C","CCDC88C",-1.22476739502902,5.54478604214459,-5.34871722107435,7.55413846191792e-05,0.00322623543350452,1.73149430960915,"Down"
"XM_005267691","XM_005267691",-1.22476739502902,5.54478604214459,-5.34871722107435,7.55413846191792e-05,0.00322623543350452,1.73149430960915,"Down"
"CDS1","CDS1",-1.86194088626699,9.41575740669008,-5.34335496118644,7.63234741772255e-05,0.00324232925168454,1.72138873742989,"Down"
"GRB14","GRB14",-1.46233527589469,3.72247674969275,-5.34035988519259,7.6763950322768e-05,0.0032552797449595,1.71574266781647,"Down"
"AFAP1L2","AFAP1L2",-1.63211965824269,6.83376631214432,-5.32107948228964,7.96631393620464e-05,0.0033132955277858,1.6793689635075,"Down"
"XM_005270241","XM_005270241",-1.63211965824269,6.83376631214432,-5.32107948228964,7.96631393620464e-05,0.0033132955277858,1.6793689635075,"Down"
"XM_006718039","XM_006718039",-1.63211965824269,6.83376631214432,-5.32107948228964,7.96631393620464e-05,0.0033132955277858,1.6793689635075,"Down"
"ARK2N","ARK2N",-1.11618170598341,4.69783390394909,-5.31456922603212,8.06674750796367e-05,0.00332873407830741,1.66707607981967,"Down"
"JPT2","JPT2",-1.23070338027142,9.70980347617248,-5.27672008560069,8.67716488145501e-05,0.00345962311436351,1.59550000322485,"Down"
"TMPRSS4","TMPRSS4",-2.14656890047594,9.75439508307172,-5.26764205336082,8.83055116199354e-05,0.00346844237150828,1.57830536284592,"Down"
"XM_006718883","XM_006718883",-2.14656890047594,9.75439508307172,-5.26764205336082,8.83055116199354e-05,0.00346844237150828,1.57830536284592,"Down"
"XM_006718884","XM_006718884",-2.14656890047594,9.75439508307172,-5.26764205336082,8.83055116199354e-05,0.00346844237150828,1.57830536284592,"Down"
"FXYD3","FXYD3",-1.58230582803383,9.42090834187641,-5.26602059778238,8.85824170375208e-05,0.00346844237150828,1.57523306911218,"Down"
"XM_005258992","XM_005258992",-1.58230582803383,9.42090834187641,-5.26602059778238,8.85824170375208e-05,0.00346844237150828,1.57523306911218,"Down"
"XM_005258996","XM_005258996",-1.58230582803383,9.42090834187641,-5.26602059778238,8.85824170375208e-05,0.00346844237150828,1.57523306911218,"Down"
"XM_006723242","XM_006723242",-1.58230582803383,9.42090834187641,-5.26602059778238,8.85824170375208e-05,0.00346844237150828,1.57523306911218,"Down"
"NEDD4L","NEDD4L",-1.42532557796438,6.1491136443478,-5.25363732396318,9.0727011654859e-05,0.00352367270831703,1.55175852413042,"Down"
"SAA4","SAA4",-1.40855570645975,6.45328510608473,-5.251200900709,9.11552441177287e-05,0.0035345850877443,1.5471375889508,"Down"
"MYO5B","MYO5B",-1.55596451173597,8.3483227756774,-5.24349278233984,9.25238578300617e-05,0.00357609925223372,1.53251337325165,"Down"
"TMPRSS11E","TMPRSS11E",-1.42905010301157,4.22708504226146,-5.2285115990287,9.5244930335645e-05,0.00365008949804293,1.50406887875578,"Down"
"CHMP4C","CHMP4C",-1.43128009095756,9.11887863426302,-5.22699944599401,9.55241439757426e-05,0.00365090844539136,1.50119621074469,"Down"
"WWC1","WWC1",-1.14789855273628,5.19678962642616,-5.20932999780015,9.88501414219623e-05,0.00373645436972624,1.46760792600754,"Down"
"EBP","EBP",-1.07596929769943,8.90435639032004,-5.20570508067465,9.95471414460865e-05,0.00374546158546068,1.46071239975631,"Down"
"ERO1A","ERO1A",-1.31845018693721,8.97476853469729,-5.20564592843709,9.95585572670575e-05,0.00374546158546068,1.46059986334888,"Down"
"SLC15A1","SLC15A1",-1.25614538390142,4.99309515327589,-5.20106936294812,0.000100445904418182,0.00376658633265425,1.45189167954004,"Down"
"LYPLA1","LYPLA1",-1.14953818616324,9.05858182137192,-5.19344388370395,0.000101942596186887,0.003793528982446,1.43737629366666,"Down"
"CFB","CFB",-2.08313066042556,8.7352348005205,-5.18924782885617,0.000102775985700096,0.00381096737754211,1.42938586001461,"Down"
"CCNDBP1","CCNDBP1",-1.0577701722476,10.1872407373257,-5.18868880382301,0.000102887545231534,0.00381096737754211,1.42832115864322,"Down"
"XR_429445","XR_429445",-1.0577701722476,10.1872407373257,-5.18868880382301,0.000102887545231534,0.00381096737754211,1.42832115864322,"Down"
"AGRN","AGRN",-1.12204342505925,8.01875214847212,-5.16653950710136,0.000107409854987752,0.0039239746414247,1.38610515912372,"Down"
"XM_006710635","XM_006710635",-1.12204342505925,8.01875214847212,-5.16653950710136,0.000107409854987752,0.0039239746414247,1.38610515912372,"Down"
"RDH11","RDH11",-1.00364312561186,4.70483589078811,-5.16296608002265,0.000108158468480313,0.00394531848094904,1.37928862188333,"Down"
"MET","MET",-1.27707713665752,10.2735181197897,-5.16054156240418,0.00010866945812983,0.00395194596065482,1.37466280682375,"Down"
"CDK6","CDK6",-1.19825889149557,7.19277284968088,-5.15481244958871,0.00010988685178733,0.00398414534229532,1.36372917746017,"Down"
"XM_006715836","XM_006715836",-1.19825889149557,7.19277284968088,-5.15481244958871,0.00010988685178733,0.00398414534229532,1.36372917746017,"Down"
"SOX4","SOX4",-1.089807432298,5.5684430382489,-5.13948054399507,0.00011321452598222,0.00406184611752651,1.33444946879372,"Down"
"ARPC1A","ARPC1A",-1.18470827779175,9.72634280716632,-5.13153882247236,0.000114978950800564,0.00410063116956185,1.31927168362631,"Down"
"TJP2","TJP2",-1.07622923371202,6.88091704036016,-5.10963536959066,0.000119993892558137,0.00424166923296083,1.27737129329014,"Down"
"TCN1","TCN1",-2.75868430328973,5.22102366488344,-5.10426781173819,0.000121256924261174,0.00426234792572373,1.2670945274877,"Down"
"CCDC68","CCDC68",-1.10065739801181,4.46443001851835,-5.10373943981822,0.000121381994175106,0.00426234792572373,1.26608271499228,"Down"
"ANXA3","ANXA3",-2.40633847476532,5.87922388967143,-5.08889256978754,0.000124951339754734,0.00435395045335163,1.23763779399531,"Down"
"XM_005262973","XM_005262973",-2.40633847476532,5.87922388967143,-5.08889256978754,0.000124951339754734,0.00435395045335163,1.23763779399531,"Down"
"KLK12","KLK12",-1.26777646652419,6.22912397006951,-5.08801513184363,0.000125165645063437,0.00435395045335163,1.23595589483036,"Down"
"BID","BID",-1.11650770211707,6.97329465255041,-5.07716763575552,0.000127846579824695,0.0044152138258307,1.21515549004052,"Down"
"EPHX3","EPHX3",-1.36076744406925,5.64468516341484,-5.0707222312911,0.000129467539379483,0.00446476994279647,1.20278958471761,"Down"
"TMOD3","TMOD3",-1.03113624797708,6.60304582626615,-5.06325193580191,0.000131372805587168,0.00450521659780838,1.18845118522945,"Down"
"EPS8L1","EPS8L1",-1.0637171326117,8.74474204657262,-5.05824278581801,0.000132666546023418,0.00452310005348589,1.17883297484257,"Down"
"OTUB2","OTUB2",-1.40856962688456,5.59673722658964,-5.02723696923443,0.00014097242519642,0.00466436192807621,1.1192320337211,"Down"
"SLC44A3","SLC44A3",-1.28093418378425,7.82979885756434,-5.02605005799233,0.000141300832522081,0.00466436192807621,1.11694825345077,"Down"
"ITGA3","ITGA3",-1.44844819579334,7.82440535731993,-5.02542587099475,0.000141473855663673,0.00466436192807621,1.11574716596898,"Down"
"CD24","CD24",-4.73204257054684,8.37313579649118,-5.01699200565955,0.000143833235951756,0.00468905038310669,1.09951390868873,"Down"
"IL19","IL19",-1.23697094876682,5.02804721760336,-5.00686454981994,0.000146720091879004,0.00475888600713493,1.08000995685678,"Down"
"RASA1","RASA1",-1.2248922682995,8.97576543144679,-5.00340068189044,0.000147721128744242,0.00478488870731348,1.07333634352555,"Down"
"C15orf48","C15orf48",-3.64585583193941,6.67103415973135,-5.00163009983999,0.000148235532606564,0.00479507985663442,1.06992454055431,"Down"
"C1orf74","C1orf74",-1.05286285990497,6.4838389114456,-4.99313944337705,0.000150728085799864,0.00484631357623214,1.05355854273353,"Down"
"TSPAN12","TSPAN12",-1.38933882300548,7.04962986551211,-4.99197863088507,0.000151072200051328,0.00484631357623214,1.05132039653449,"Down"
"COL17A1","COL17A1",-1.02481119076831,9.83785955848161,-4.9893138409414,0.000151865223467618,0.00485362063071872,1.04618186687195,"Down"
"PRSS27","PRSS27",-1.06952913986932,5.24659471274454,-4.98517460282245,0.000153105550241614,0.00488559765525098,1.03819853412435,"Down"
"TSPAN13","TSPAN13",-1.62367504396007,10.8878188329996,-4.98294876297779,0.00015377683692334,0.0048886776686543,1.03390475337748,"Down"
"CD82","CD82",-1.09545828986034,9.34435326133264,-4.96738526813798,0.000158556147002078,0.00497472502005734,1.00386600929062,"Down"
"BAIAP2L1","BAIAP2L1",-1.43073494997784,8.04099548799055,-4.95201770960156,0.000163425571168313,0.00505111080795098,0.974178426787986,"Down"
"TMEM139","TMEM139",-1.63494260652629,6.38737284900402,-4.95091313764219,0.000163781451115752,0.00505280512812376,0.972043547672746,"Down"
"ALDH1A3","ALDH1A3",-2.33153230626468,9.27875667301838,-4.94422949512965,0.000165951937596781,0.00510644855874203,0.959122698564675,"Down"
"PLAU","PLAU",-1.93616285218136,10.3717382834335,-4.94221982341832,0.000166610347605304,0.00510725614715517,0.955236609198063,"Down"
"IRF6","IRF6",-1.48151400838874,8.05616972995687,-4.93153004880297,0.000170158035409294,0.005202717408782,0.934558249240083,"Down"
"KLK10","KLK10",-2.08601291149117,6.91279876698791,-4.92182942268033,0.000173444775378509,0.00526580118830605,0.915782254828353,"Down"
"FYB1","FYB1",-1.40576054347169,6.14323710178735,-4.92114128597418,0.00017368039706109,0.00526580118830605,0.914449937613147,"Down"
"XM_006714465","XM_006714465",-1.40576054347169,6.14323710178735,-4.92114128597418,0.00017368039706109,0.00526580118830605,0.914449937613147,"Down"
"XM_006714466","XM_006714466",-1.40576054347169,6.14323710178735,-4.92114128597418,0.00017368039706109,0.00526580118830605,0.914449937613147,"Down"
"CYP27C1","CYP27C1",-1.44320630369702,7.71315317655582,-4.91621100605403,0.000175378220221648,0.00529175621469927,0.904902771928148,"Down"
"XM_006712483","XM_006712483",-1.44320630369702,7.71315317655582,-4.91621100605403,0.000175378220221648,0.00529175621469927,0.904902771928148,"Down"
"MMP7","MMP7",-1.79555225436171,5.975486469725,-4.91587286275928,0.000175495289846705,0.00529175621469927,0.90424788066793,"Down"
"RP1","RP1",-1.0254336978185,3.12935674108666,-4.90380192181265,0.000179727543286683,0.00534480455608755,0.880861479138788,"Down"
"KRT7","KRT7",-2.43133429233878,7.4870685795891,-4.89986978382894,0.000181128786635146,0.00535816651849211,0.873239832360285,"Down"
"XR_245927","XR_245927",-2.43133429233878,7.4870685795891,-4.89986978382894,0.000181128786635146,0.00535816651849211,0.873239832360285,"Down"
"GALNT3","GALNT3",-1.23332117932108,10.1288215226393,-4.8788511117978,0.000188811981021368,0.00547326711168463,0.832470689905451,"Down"
"MSLN","MSLN",-1.71608333734563,7.30213134302295,-4.87491578160524,0.000190287387768411,0.00550274443520169,0.82483212122439,"Down"
"XM_006720837","XM_006720837",-1.71608333734563,7.30213134302295,-4.87491578160524,0.000190287387768411,0.00550274443520169,0.82483212122439,"Down"
"TSTD1","TSTD1",-1.35384550442944,10.783369055121,-4.86785920382923,0.000192962773405231,0.00554027806558799,0.811130932663084,"Down"
"NIBAN2","NIBAN2",-1.23599988168215,9.44300257073454,-4.86637119618823,0.000193531851378489,0.00554420015466172,0.808241100422896,"Down"
"SPINT1","SPINT1",-1.36774116300948,9.28484927708175,-4.86627458838196,0.000193568857995439,0.00554420015466172,0.808053471914235,"Down"
"SH3TC2","SH3TC2",-1.0417030859064,4.38320579038908,-4.85352105379225,0.000198518724113249,0.00564412161622473,0.783275148918117,"Down"
"DMKN","DMKN",-1.30189324285373,6.31664272810217,-4.85047033764288,0.000199721943686135,0.00564412161622473,0.777345447482813,"Down"
"XM_006723502","XM_006723502",-1.30189324285373,6.31664272810217,-4.85047033764288,0.000199721943686135,0.00564412161622473,0.777345447482813,"Down"
"XM_006723503","XM_006723503",-1.30189324285373,6.31664272810217,-4.85047033764288,0.000199721943686135,0.00564412161622473,0.777345447482813,"Down"
"XR_430219","XR_430219",-1.30189324285373,6.31664272810217,-4.85047033764288,0.000199721943686135,0.00564412161622473,0.777345447482813,"Down"
"A2ML1","A2ML1",-2.20988888715101,5.77335246910493,-4.84483415415625,0.000201964658923215,0.00567454652466704,0.766387733551588,"Down"
"CSTA","CSTA",-2.06104512660442,11.882623649749,-4.84168613984633,0.000203228556917973,0.00567454652466704,0.760265974287519,"Down"
"B3GNT3","B3GNT3",-1.48054468184299,7.00353881657037,-4.82282245063283,0.000210974502488525,0.00581378875858736,0.723560816484905,"Down"
"ABTB3","ABTB3",-1.31185558567992,7.42054464798757,-4.82134762185715,0.000211592762852963,0.005824139327978,0.720689494320362,"Down"
"MICALL1","MICALL1",-1.1688348858421,9.09143800689815,-4.80995263662346,0.000216432884101114,0.0059026481148287,0.698497064129266,"Down"
"XM_006724345","XM_006724345",-1.1688348858421,9.09143800689815,-4.80995263662346,0.000216432884101114,0.0059026481148287,0.698497064129266,"Down"
"NEBL","NEBL",-1.37914688128072,6.13959352099355,-4.80721965422337,0.000217610576970769,0.0059026481148287,0.693172391927368,"Down"
"SERINC2","SERINC2",-1.09123615878135,8.07503205528504,-4.8030991229189,0.00021939865974786,0.00593018764782446,0.685142883404271,"Down"
"A4GALT","A4GALT",-1.20489556336946,8.33465990651405,-4.79136374386444,0.000224574395735789,0.00602260854352001,0.662264964202402,"Down"
"XM_005261643","XM_005261643",-1.20489556336946,8.33465990651405,-4.79136374386444,0.000224574395735789,0.00602260854352001,0.662264964202402,"Down"
"XM_006724267","XM_006724267",-1.20489556336946,8.33465990651405,-4.79136374386444,0.000224574395735789,0.00602260854352001,0.662264964202402,"Down"
"TXNDC17","TXNDC17",-1.01577687407333,10.8895484317674,-4.75469205701544,0.000241571677299731,0.00636285784748529,0.590682855215281,"Down"
"SERPINB3","SERPINB3",-1.51670321076821,4.78948924432909,-4.74410524848379,0.000246720523121381,0.00646876089305028,0.569992289869025,"Down"
"IFIH1","IFIH1",-1.04205853945716,7.65010513332527,-4.74342617649255,0.000247054609736669,0.00646876089305028,0.56866474583334,"Down"
"SPINK7","SPINK7",-3.03654142421388,5.85353278362267,-4.74325280744976,0.000247139977457175,0.00646876089305028,0.568325812592814,"Down"
"IFI27","IFI27",-1.37557514687648,9.60571325159626,-4.74228099687167,0.000247619062780801,0.00647069115721202,0.566425885287023,"Down"
"NBEAL1","NBEAL1",-1.12335589176485,6.93672205690958,-4.73966891836704,0.000248911504784511,0.00647915693113203,0.561318701890002,"Down"
"AP1S3","AP1S3",-1.33925300786483,4.14778368354057,-4.70632038513622,0.000266034467525479,0.00676643711006777,0.496055485522886,"Down"
"NRCAM","NRCAM",-1.41912819607619,5.54262881676744,-4.70392355631497,0.000267310791193938,0.00677507245009176,0.49136066392284,"Down"
"HAS2","HAS2",-3.07623313834395,5.22144279465318,-4.69174225894869,0.000273895234719506,0.00689102036031193,0.467491734427259,"Down"
"PPP2R2C","PPP2R2C",-1.09739820802694,9.48308127274628,-4.67843407622816,0.000281279370154511,0.00703990348534784,0.441398299189681,"Down"
"XM_005247979","XM_005247979",-1.09739820802694,9.48308127274628,-4.67843407622816,0.000281279370154511,0.00703990348534784,0.441398299189681,"Down"
"SH3KBP1","SH3KBP1",-1.33021061324416,7.71778032279076,-4.65886793705903,0.000292508665342666,0.00722604246276961,0.403004086037849,"Down"
"RHOC","RHOC",-1.06360401651908,4.7328294023764,-4.65866018561203,0.000292630333881012,0.00722604246276961,0.402596224981539,"Down"
"TWF1","TWF1",-1.2753283688954,6.23790722928711,-4.65348900586351,0.00029567559690224,0.00728624812818025,0.392442768734414,"Down"
"PYGB","PYGB",-1.79305802473226,9.52505425177666,-4.63795472110635,0.000305020600005564,0.00742505521433423,0.361926586589203,"Down"
"TOP6BL","TOP6BL",-1.02984006748301,5.57312758709299,-4.6341575352911,0.00030735061633995,0.0074594409683578,0.354463820282016,"Down"
"NR_048553","NR_048553",-1.02984006748301,5.57312758709299,-4.6341575352911,0.00030735061633995,0.0074594409683578,0.354463820282016,"Down"
"EHF","EHF",-2.16857890579911,7.27568223984994,-4.63413334851484,0.000307365516111402,0.0074594409683578,0.354416280726444,"Down"
"SLC44A4","SLC44A4",-1.21010608493679,4.47976491521277,-4.61011677331589,0.000322532198897171,0.00770651483649565,0.307184695334411,"Down"
"RTKN2","RTKN2",-1.09999430727714,3.16161505371398,-4.6043089652626,0.000326313758894823,0.00772229964137301,0.295755013013059,"Down"
"ITCH","ITCH",-1.04152246711596,5.51075122105814,-4.59589086001723,0.000331875780301642,0.00780184375984331,0.279182895981707,"Down"
"PLAT","PLAT",-1.14060333499846,10.3323394607063,-4.59021313180231,0.000335681966159873,0.00788359936572336,0.268001968023026,"Down"
"P3H2","P3H2",-1.10236599154216,9.4509707626896,-4.56963388540442,0.000349856701245212,0.00811244384427347,0.227452040244095,"Down"
"VAMP8","VAMP8",-1.62271400369634,11.3085534552016,-4.56490510999795,0.000353199599252331,0.00816534926344689,0.218129054993899,"Down"
"SGPL1","SGPL1",-1.03263322875765,8.8875999920537,-4.56027840528846,0.000356502017395984,0.00818046025003672,0.209005416329394,"Down"
"EPHA1","EPHA1",-1.35413878753028,5.18530285065176,-4.53954612961677,0.000371693102031172,0.00845545382179431,0.168099617559837,"Down"
"S100A14","S100A14",-1.88174739540889,10.3871592006536,-4.53539472408363,0.000374813760369545,0.00847007722006597,0.159904260743211,"Down"
"UCA1","UCA1",-2.38958684424183,5.59223682638096,-4.53070096217703,0.00037837444850559,0.0085114747076206,0.150636465577609,"Down"
"LURAP1L","LURAP1L",-1.16691698616583,6.47927453734752,-4.52515843706601,0.000382623641048283,0.00858292769386998,0.139690394905202,"Down"
"C10orf55","C10orf55",-1.01199518944606,4.02953404997683,-4.51820948291728,0.000388020187678918,0.00866686109916615,0.125963081781152,"Down"
"CFAP20DC","CFAP20DC",-1.53991486984485,4.09563926906779,-4.51184904604571,0.000393027986225406,0.00872032537547512,0.113394816610648,"Down"
"PGM2L1","PGM2L1",-1.44116116808589,6.93081055093184,-4.50169419961935,0.00040116079405333,0.00884174598610472,0.0933218165807075,"Down"
"MYH14","MYH14",-1.27368865543349,6.84606208252398,-4.49985364760212,0.000402653193598112,0.00886649720435036,0.0896827025880906,"Down"
"ENTPD3","ENTPD3",-1.23108076049497,7.87378804685679,-4.49390086511654,0.000407518989694475,0.00894083253258391,0.0779110423438834,"Down"
"XM_005265606","XM_005265606",-1.23108076049497,7.87378804685679,-4.49390086511654,0.000407518989694475,0.00894083253258391,0.0779110423438834,"Down"
"MOSMO","MOSMO",-1.00197174784858,4.89596888345993,-4.48966114860202,0.000411021182724762,0.0089684822070543,0.0695252159770234,"Down"
"XR_429679","XR_429679",-1.00197174784858,4.89596888345993,-4.48966114860202,0.000411021182724762,0.0089684822070543,0.0695252159770234,"Down"
"MAL2","MAL2",-1.92179350868696,11.4001506202897,-4.48313449940353,0.000416472786849969,0.00902997274613636,0.0566131651051478,"Down"
"PLS1","PLS1",-1.49240560338545,7.94647369483156,-4.478949212554,0.000420007567947477,0.00908210342937156,0.0483313582485989,"Down"
"TRIM16","TRIM16",-1.58538418850006,9.15204925087709,-4.47894365437904,0.000420012282584886,0.00908210342937156,0.0483203588467278,"Down"
"S100A16","S100A16",-1.09604113592889,11.191367529294,-4.47201135758359,0.000425934847468699,0.00916886834882845,0.03459969924387,"Down"
"XM_005244906","XM_005244906",-1.09604113592889,11.191367529294,-4.47201135758359,0.000425934847468699,0.00916886834882845,0.03459969924387,"Down"
"ADTRP","ADTRP",-1.34187853052278,6.33767389437285,-4.46285970093553,0.000433884586366724,0.00929830164461974,0.0164805375233623,"Down"
"XM_005249454","XM_005249454",-1.34187853052278,6.33767389437285,-4.46285970093553,0.000433884586366724,0.00929830164461974,0.0164805375233623,"Down"
"XM_005249455","XM_005249455",-1.34187853052278,6.33767389437285,-4.46285970093553,0.000433884586366724,0.00929830164461974,0.0164805375233623,"Down"
"LGALSL","LGALSL",-1.1818769851063,8.84372015542459,-4.46013440413607,0.000436281165893623,0.0093413207348606,0.0110835024376685,"Down"
"PLD5","PLD5",-1.1703913965624,3.64615262657862,-4.45045805790865,0.00044490029851466,0.00946675262850077,-0.00808373710880161,"Down"
"XM_006711752","XM_006711752",-1.1703913965624,3.64615262657862,-4.45045805790865,0.00044490029851466,0.00946675262850077,-0.00808373710880161,"Down"
"GALE","GALE",-1.00227101386518,8.3775173222934,-4.44213845075503,0.000452450066601438,0.00954886068325839,-0.0245693328472125,"Down"
"MICAL2","MICAL2",-1.11805593308136,5.52825717376864,-4.43546463692192,0.000458600941194778,0.00963238667466131,-0.0377975925085634,"Down"
"NIPAL1","NIPAL1",-1.06708410511525,5.23115527537502,-4.4260233655295,0.000467448756552653,0.00974778892682605,-0.056517085507859,"Down"
"FBXO16","FBXO16",-1.46712477627842,5.30933966173592,-4.41280413753218,0.000480131136766408,0.00986653043207818,-0.0827385697252137,"Down"
"RAP1GDS1","RAP1GDS1",-1.4009046630417,6.85972652485397,-4.40979017257616,0.000483071602409889,0.00990998683849757,-0.088718861054037,"Down"
"TTC9","TTC9",-1.61796759371142,6.03951788097832,-4.40114025830986,0.000491613185439311,0.0100422975973739,-0.105885706843861,"Down"
"OPN3","OPN3",-1.12722093986567,7.2059394644466,-4.3950721201778,0.000497697290303307,0.010114928333497,-0.117931976760189,"Down"
"RRP36","RRP36",-1.14884972939307,6.82874719577773,-4.3903465455583,0.000502488538799135,0.0101864272873791,-0.12731489412019,"Down"
"IL31RA","IL31RA",-1.39473668255459,5.33112707764087,-4.38812974297129,0.000504752359874784,0.0101894994051925,-0.131717049583479,"Down"
"SLC52A3","SLC52A3",-1.07254651287066,6.61438930515137,-4.38395013062078,0.000509049001652153,0.0102244302407155,-0.140017943683724,"Down"
"CHRNA5","CHRNA5",-1.12859267097088,3.8105653561424,-4.38240121322358,0.000510650760321053,0.0102480263789514,-0.143094481151036,"Down"
"NETO2","NETO2",-1.54052870183528,4.85982391844952,-4.37918792406111,0.000513990107611597,0.0102720987201445,-0.14947742596885,"Down"
"GPR87","GPR87",-1.59081244290154,9.2997571480592,-4.37044806457961,0.000523186113707108,0.0103695401331115,-0.166842189340864,"Down"
"EPCAM","EPCAM",-2.15630918613948,8.5740689695514,-4.3671873829475,0.000526659859182441,0.0104218688033954,-0.173322050281943,"Down"
"LEMD1","LEMD1",-2.28081827860042,7.25731310369528,-4.35385011121183,0.000541115581187938,0.010637064848217,-0.199834586222595,"Down"
"XM_006711632","XM_006711632",-2.28081827860042,7.25731310369528,-4.35385011121183,0.000541115581187938,0.010637064848217,-0.199834586222595,"Down"
"SQOR","SQOR",-1.01069858507314,10.8882535793404,-4.3416429562954,0.000554701356132619,0.010841793115713,-0.224111392528932,"Down"
"SSX2IP","SSX2IP",-1.48804808914893,5.8495768362956,-4.33535766002944,0.000561831760001691,0.0109014437377208,-0.236615144626567,"Down"
"XM_006710332","XM_006710332",-1.48804808914893,5.8495768362956,-4.33535766002944,0.000561831760001691,0.0109014437377208,-0.236615144626567,"Down"
"GRIP1","GRIP1",-1.18977762366867,5.4946042301124,-4.32485246722615,0.000573958950784714,0.011045891427129,-0.257519738772188,"Down"
"DCBLD2","DCBLD2",-2.37883966454214,5.6691427155471,-4.32452735478488,0.000574338492669654,0.011045891427129,-0.258166806951148,"Down"
"CAPS","CAPS",-1.02961740164082,7.04353270470008,-4.31712105116127,0.00058305444827939,0.0111955782940815,-0.272909392959079,"Down"
"SCEL","SCEL",-2.28477826512982,9.67144623993479,-4.30093579182104,0.000602574436507369,0.0115195568591915,-0.30513935148649,"Down"
"FDPS","FDPS",-1.10790609620139,10.6936267476225,-4.29714843956771,0.000607237568251601,0.0115490618963351,-0.31268359928748,"Down"
"YIPF6","YIPF6",-1.08946194623305,6.94299112328378,-4.29468746691532,0.000610287320968097,0.0115978751210422,-0.317586243394383,"Down"
"S100A2","S100A2",-2.51664645519834,12.1910410714483,-4.29222332031069,0.000613356657955297,0.011619405291431,-0.322495594840372,"Down"
"MTHFD2L","MTHFD2L",-1.01748484965663,6.35197719508243,-4.29095072351102,0.000614947961636716,0.0116311906818002,-0.325031156158476,"Down"
"XM_005265691","XM_005265691",-1.01748484965663,6.35197719508243,-4.29095072351102,0.000614947961636716,0.0116311906818002,-0.325031156158476,"Down"
"STYXL1","STYXL1",-1.13850222248656,8.56661512421734,-4.2902122880037,0.000615873259051684,0.0116395196565028,-0.32650248472079,"Down"
"EPB41L4A","EPB41L4A",-1.1427187459323,4.06882713354904,-4.28449515592997,0.000623085330003489,0.011738849364791,-0.337894995435594,"Down"
"DUOX1","DUOX1",-1.12050742051153,6.00411872570159,-4.2719094558807,0.000639266944620093,0.0119966264306266,-0.362981630242196,"Down"
"UBASH3B","UBASH3B",-1.49154263716234,5.66652169961329,-4.27109757219406,0.000640325388568085,0.0120071015440712,-0.364600263699992,"Down"
"DHCR7","DHCR7",-1.1760304527804,7.87028824078312,-4.26491273099834,0.000648447356265899,0.0121120882841199,-0.376932151558269,"Down"
"C1orf116","C1orf116",-2.03519081076392,9.36744897974284,-4.25585624858468,0.000660530242333968,0.0122519682198608,-0.394993930808369,"Down"
"KCNN4","KCNN4",-1.08420179172227,8.79224710662174,-4.25162482469301,0.000666254079883521,0.0123295531421467,-0.403434538009575,"Down"
"KRT16","KRT16",-1.56184048731609,6.0026097877322,-4.24794878000182,0.00067126767127634,0.0123936666507498,-0.410768163207505,"Down"
"PRSS16","PRSS16",-1.01309005709356,6.92227869384402,-4.23630925357916,0.00068739728683284,0.0125658108747615,-0.433993949901762,"Down"
"TMSB10","TMSB10",-1.25151714605562,13.8116260157396,-4.23058496271669,0.00069547407485148,0.0126339559003927,-0.445419197013684,"Down"
"GSDMC","GSDMC",-1.35647356642803,7.65607632203181,-4.22810942157995,0.000698996859587661,0.0126525811642708,-0.450360765313301,"Down"
"LRATD2","LRATD2",-1.18440120557606,10.4268022833834,-4.2246961395317,0.000703883908830197,0.0127119289918129,-0.45717477914291,"Down"
"ASAP2","ASAP2",-1.16474789532904,9.53071582406681,-4.21520642513196,0.000717654691297832,0.0128834314888037,-0.476122739952552,"Down"
"XDH","XDH",-1.43133427304594,11.2396102707979,-4.21192555515494,0.000722479208693637,0.0129313541887134,-0.482674760371553,"Down"
"APOBEC3G","APOBEC3G",-1.15187839453929,5.94345952162748,-4.21067539779313,0.000724326241578422,0.0129486323122164,-0.485171526918709,"Down"
"P2RY2","P2RY2",-1.12978822396093,7.57188724662092,-4.20944960152804,0.000726141950347609,0.0129486323122164,-0.487619723364603,"Down"
"XM_005274019","XM_005274019",-1.12978822396093,7.57188724662092,-4.20944960152804,0.000726141950347609,0.0129486323122164,-0.487619723364603,"Down"
"XM_005274020","XM_005274020",-1.12978822396093,7.57188724662092,-4.20944960152804,0.000726141950347609,0.0129486323122164,-0.487619723364603,"Down"
"CXCL5","CXCL5",-1.02246313781676,3.5162069649274,-4.20367962939636,0.000734751154764704,0.0129978350992678,-0.499144779144766,"Down"
"DAPP1","DAPP1",-1.57115992549641,7.67927842252745,-4.20099475421528,0.000738792531491283,0.0129978350992678,-0.504508214774556,"Down"
"ACOT7","ACOT7",-1.06756879500974,8.58917863100838,-4.19905853667365,0.000741721036654021,0.0129978350992678,-0.508376335954352,"Down"
"CAMK2N1","CAMK2N1",-2.06440054476658,8.20220953602741,-4.19578966454449,0.000746692005404674,0.0129978350992678,-0.514907251149737,"Down"
"MMP1","MMP1",-2.54175014064434,6.16097108154229,-4.19573743149595,0.000746771710769531,0.0129978350992678,-0.515011612738039,"Down"
"MAPKAPK3","MAPKAPK3",-1.00562942225164,6.72883009966346,-4.19420908746075,0.000749107735019841,0.0130290462724248,-0.518065306888555,"Down"
"STEAP4","STEAP4",-1.85213748952167,10.3809372104735,-4.1898704984419,0.000755779732487433,0.0131070990889909,-0.526734657763262,"Down"
"DSC2","DSC2",-1.15780906232994,7.30687452947275,-4.17942445930733,0.000772093124322982,0.0133226306038823,-0.547611921131224,"Down"
"LAMA3","LAMA3",-1.45152747173603,9.8918600966979,-4.1762959792951,0.00077704820116231,0.0133984992272254,-0.553865538717829,"Down"
"RHCG","RHCG",-2.66518362054348,7.18422666083684,-4.171318832808,0.000784998081739119,0.0135161577890261,-0.563815540181117,"Down"
"CENPW","CENPW",-1.78701700346071,8.36167999649619,-4.15910568178846,0.000804858334546479,0.0137300708925264,-0.588236572511587,"Down"
"STK17A","STK17A",-1.25929905914276,8.55886280365153,-4.15570306229558,0.000810481955870716,0.0137868092876038,-0.595041654580866,"Down"
"SEMA7A","SEMA7A",-1.19081621085562,5.19378296924837,-4.1378130104173,0.00084071359516527,0.0140815127084137,-0.630830095792429,"Down"
"KLK8","KLK8",-1.56970743555795,7.51728510513439,-4.12036799229846,0.000871297492283884,0.0143874927590323,-0.665742639106395,"Down"
"CXCL10","CXCL10",-1.71787429292768,5.1195881423482,-4.12021556964846,0.000871569638848134,0.0143874927590323,-0.666047741809632,"Down"
"PPP1R14C","PPP1R14C",-1.04241192512286,10.123077959038,-4.10736661777433,0.000894824442626811,0.0145827771501151,-0.691771030355141,"Down"
"XM_005267152","XM_005267152",-1.04241192512286,10.123077959038,-4.10736661777433,0.000894824442626811,0.0145827771501151,-0.691771030355141,"Down"
"CELSR1","CELSR1",-1.0731591930354,6.81754896682513,-4.0994464329965,0.00090947195848591,0.0146898694129063,-0.707630610488954,"Down"
"MRPL13","MRPL13",-1.06319767775609,9.71886218726322,-4.09333447153268,0.000920941689054382,0.0148351962554921,-0.719871171085661,"Down"
"XM_006716547","XM_006716547",-1.06319767775609,9.71886218726322,-4.09333447153268,0.000920941689054382,0.0148351962554921,-0.719871171085661,"Down"
"ESRP1","ESRP1",-1.64088692475695,8.00594453028815,-4.09260207664904,0.000922325926207434,0.0148475297658154,-0.72133805906036,"Down"
"ACAT2","ACAT2",-1.43071056637138,8.94921214329208,-4.07302908461863,0.000960112437163535,0.0152714504418815,-0.760548197212344,"Down"
"HMGCR","HMGCR",-1.16229713936834,8.50413152881847,-4.07270241038673,0.000960756259209536,0.0152715706844684,-0.761202745923134,"Down"
"MEAK7","MEAK7",-1.39267060033056,5.99751500431011,-4.0613197822022,0.000983465407268199,0.0155194850133145,-0.784012396013745,"Down"
"XM_005256077","XM_005256077",-1.39267060033056,5.99751500431011,-4.0613197822022,0.000983465407268199,0.0155194850133145,-0.784012396013745,"Down"
"VGLL1","VGLL1",-2.18080936156112,6.8348769239651,-4.05167295277592,0.00100313766237805,0.0156957693431539,-0.803347507115907,"Down"
"SDR42E1","SDR42E1",-1.03929078092338,6.34683568633285,-4.04986390365864,0.00100687098962856,0.015723433632443,-0.806973760349274,"Down"
"FKBP1A","FKBP1A",-1.05799433522357,6.70527273367974,-4.0396734280804,0.00102816598584472,0.0158428163542319,-0.827402846617481,"Down"
"FUT2","FUT2",-1.2174538725906,6.30868883647489,-4.03866061088582,0.00103030727596801,0.0158512186711733,-0.829433465995798,"Down"
"MUC20","MUC20",-1.87415720034838,7.78836746603708,-4.03216688458707,0.00104414416559363,0.0159826471346824,-0.84245372551665,"Down"
"ENC1","ENC1",-1.14588314042995,6.39387404761808,-4.03152805652128,0.00104551552992523,0.0159826471346824,-0.843734687331908,"Down"
"HOMER3","HOMER3",-1.35156682811662,8.50048518664918,-4.02506597837919,0.00105949072081507,0.0160440986000021,-0.856693057635237,"Down"
"XM_006722944","XM_006722944",-1.35156682811662,8.50048518664918,-4.02506597837919,0.00105949072081507,0.0160440986000021,-0.856693057635237,"Down"
"MYO5A","MYO5A",-1.48593488607707,5.99122729054328,-4.0176754161286,0.00107570632356929,0.0161571359063267,-0.871515011208174,"Down"
"MFAP3","MFAP3",-1.05294300615786,5.30267523974562,-4.01619963829788,0.00107897434661613,0.0161960864712197,-0.874474932782372,"Down"
"SLC38A5","SLC38A5",-1.42185640063272,5.72297459776963,-3.98836683816977,0.00114252893602606,0.0168032962760401,-0.930310964098649,"Down"
"XM_006724570","XM_006724570",-1.42185640063272,5.72297459776963,-3.98836683816977,0.00114252893602606,0.0168032962760401,-0.930310964098649,"Down"
"GPR39","GPR39",-1.20605158250461,6.69671938683523,-3.98029098970952,0.00116167043213449,0.0169820695642913,-0.946516381367119,"Down"
"GRB7","GRB7",-1.00596775410586,7.00560900954553,-3.97819075789504,0.00116670145733154,0.0170128604974919,-0.95073111300114,"Down"
"MMP28","MMP28",-2.05331372070809,8.58324103751422,-3.97244074397304,0.00118058863506167,0.0171528380258778,-0.962270816293279,"Down"
"RHPN2","RHPN2",-1.06982656903231,7.44013935770446,-3.96901206933284,0.00118894898952513,0.0172520412464548,-0.969152243028035,"Down"
"EMB","EMB",-1.83193159921672,8.91178032542886,-3.96340326386468,0.00120275478666013,0.0173785474560108,-0.980409900422512,"Down"
"MIR31HG","MIR31HG",-1.83225421047092,5.33181279966784,-3.96161460911252,0.00120719152869758,0.017391963428451,-0.984000149779838,"Down"
"OLAH","OLAH",-1.11154949049524,5.28089714712938,-3.95752969040987,0.00121738638449053,0.0174968311380489,-0.99219983958242,"Down"
"XM_006717456","XM_006717456",-1.11154949049524,5.28089714712938,-3.95752969040987,0.00121738638449053,0.0174968311380489,-0.99219983958242,"Down"
"SEL1L3","SEL1L3",-1.78716352573769,8.43837672137927,-3.94787408633446,0.00124183214348067,0.0176892908651769,-1.01158322676529,"Down"
"XM_005248143","XM_005248143",-1.78716352573769,8.43837672137927,-3.94787408633446,0.00124183214348067,0.0176892908651769,-1.01158322676529,"Down"
"SLC39A2","SLC39A2",-1.34470918605762,7.24112549933625,-3.94004434583361,0.00126201974637281,0.0178919066464503,-1.02730284091394,"Down"
"CNTNAP2","CNTNAP2",-1.79473021680079,6.37554589126427,-3.92685291124325,0.00129678576747958,0.0182553970621964,-1.05379008064074,"Down"
"ADGRF1","ADGRF1",-2.07546764199033,7.28411787611625,-3.91891705640468,0.00131816601892188,0.0184347245567557,-1.0697263202924,"Down"
"APOL6","APOL6",-1.10840220681471,5.66065168935878,-3.90721671477008,0.00135034063078001,0.0188107230528042,-1.09322436150513,"Down"
"RAB25","RAB25",-1.81871049395932,10.4062822851566,-3.90573922418491,0.00135445966007719,0.018846226528216,-1.09619181541554,"Down"
"IGF2BP2","IGF2BP2",-1.08543524484689,9.00317239319754,-3.90091275644219,0.00136800391760137,0.0189018281967457,-1.10588576186293,"Down"
"AGR2","AGR2",-1.75135574372135,10.8057362191684,-3.8993447721965,0.00137243347964769,0.018921568272443,-1.10903513975359,"Down"
"NCF2","NCF2",-1.68772823848879,6.39093415846989,-3.89587436746265,0.00138228903228261,0.0190348257905032,-1.11600577430699,"Down"
"SKIL","SKIL",-1.03302614241901,6.4542940098378,-3.89066172600984,0.00139722697937604,0.0191780323355213,-1.12647622309002,"Down"
"NRG1","NRG1",-1.71101621979321,5.37261370042567,-3.88579591345185,0.00141131827374584,0.0192359234562451,-1.13625039216048,"Down"
"XM_005273485","XM_005273485",-1.71101621979321,5.37261370042567,-3.88579591345185,0.00141131827374584,0.0192359234562451,-1.13625039216048,"Down"
"E2F5","E2F5",-1.06193155641702,6.00378154726325,-3.88393620301211,0.00141674182831556,0.0192879395140273,-1.13998616761748,"Down"
"DHRS9","DHRS9",-3.62779614085946,6.36444633456275,-3.88123541587518,0.00142465579009745,0.0193408304716737,-1.14541158321255,"Down"
"ABRACL","ABRACL",-1.13000564607073,9.55343972342733,-3.8782857239921,0.00143335016570668,0.0194074744603862,-1.15133712466006,"Down"
"SERPINB1","SERPINB1",-1.30657580708221,8.87001963378047,-3.87309876283785,0.0014487692898907,0.0195465770072831,-1.16175733568903,"Down"
"XM_006715008","XM_006715008",-1.30657580708221,8.87001963378047,-3.87309876283785,0.0014487692898907,0.0195465770072831,-1.16175733568903,"Down"
"SPRING1","SPRING1",-1.16712674092138,7.29784710140062,-3.8677270703368,0.00146491428606185,0.0197200632047429,-1.17254903130097,"Down"
"GPAT3","GPAT3",-1.21486742449371,4.58529136380976,-3.85246091765268,0.00151179724757393,0.0201718377757518,-1.20322051704068,"Down"
"XM_005263314","XM_005263314",-1.21486742449371,4.58529136380976,-3.85246091765268,0.00151179724757393,0.0201718377757518,-1.20322051704068,"Down"
"VTCN1","VTCN1",-1.82515864644121,5.12492147758891,-3.82118836335701,0.0016126234819053,0.0210359721808103,-1.26605764761097,"Down"
"MSMO1","MSMO1",-1.74808893296285,10.1634884039604,-3.81453192241847,0.00163494615757742,0.0212117177624281,-1.27943356489333,"Down"
"STS","STS",-1.5572546390398,6.67672282979759,-3.78822565775549,0.00172625897408681,0.0218762766082532,-1.3322968723018,"Down"
"SAMD9L","SAMD9L",-1.32940252830038,6.39883153689661,-3.78510764715296,0.00173741761862811,0.0219597144193322,-1.33856271199407,"Down"
"FGFBP1","FGFBP1",-1.76854390857018,10.0834119758556,-3.78377142456771,0.00174222188938752,0.0219882853737961,-1.34124793746108,"Down"
"FBXL21P","FBXL21P",-1.00847236364605,3.39576680255731,-3.77058830375877,0.00179034455992719,0.0223517719866722,-1.36774023589319,"Down"
"ACACA","ACACA",-1.02415770310586,5.87630972951343,-3.76367514546125,0.00181611311554593,0.0226316276654305,-1.38163255729124,"Down"
"HINT3","HINT3",-1.11603742559232,5.1696372309119,-3.74976475478217,0.00186910193859097,0.0230375120671016,-1.40958569641804,"Down"
"NIPAL3","NIPAL3",-1.22752321872298,8.44326941549652,-3.738528541606,0.00191303928669237,0.0233145692513929,-1.43216436161884,"Down"
"XM_005245948","XM_005245948",-1.22752321872298,8.44326941549652,-3.738528541606,0.00191303928669237,0.0233145692513929,-1.43216436161884,"Down"
"TNFRSF10B","TNFRSF10B",-1.76201832607511,6.48791308569633,-3.73623442613618,0.00192213714097859,0.0233595623583636,-1.43677418763925,"Down"
"RNF144B","RNF144B",-1.12589396869027,7.34015648223024,-3.73128632800582,0.00194190859857946,0.0235521425887338,-1.44671683382818,"Down"
"XM_005248985","XM_005248985",-1.12589396869027,7.34015648223024,-3.73128632800582,0.00194190859857946,0.0235521425887338,-1.44671683382818,"Down"
"GDF15","GDF15",-1.98616248246965,7.04482776939055,-3.72051735485616,0.00198564963782834,0.0238895050662435,-1.46835519070893,"Down"
"KMO","KMO",-2.29716098853564,7.25538019012488,-3.71764087472472,0.0019975001653851,0.0239607541185985,-1.47413479421547,"Down"
"XM_005273337","XM_005273337",-2.29716098853564,7.25538019012488,-3.71764087472472,0.0019975001653851,0.0239607541185985,-1.47413479421547,"Down"
"XM_005273338","XM_005273338",-2.29716098853564,7.25538019012488,-3.71764087472472,0.0019975001653851,0.0239607541185985,-1.47413479421547,"Down"
"UBE3C","UBE3C",-1.02374280873574,4.45905128740583,-3.71688464638093,0.00200062747671218,0.0239648189964771,-1.47565424199,"Down"
"CLTRN","CLTRN",-1.75983901736038,6.14538887287206,-3.71410638125423,0.00201215909947942,0.0240437578236781,-1.48123640672564,"Down"
"GALNT5","GALNT5",-1.56975462386126,5.86973383569409,-3.71314354255704,0.00201617110139517,0.0240637189337081,-1.48317094938589,"Down"
"SCD","SCD",-1.38164796708481,10.3568603170994,-3.69846654709042,0.00207833408759048,0.024609854351429,-1.51265877796591,"Down"
"PGLYRP4","PGLYRP4",-1.27632849184426,6.47658124465844,-3.68252519610594,0.00214803882418787,0.0251867258711075,-1.54468367522609,"Down"
"KCNJ15","KCNJ15",-1.59475947940854,5.37103819025384,-3.67738815561452,0.00217099808522063,0.0252622991565394,-1.55500277124227,"Down"
"STRA6","STRA6",-1.18932632731358,6.63095666361336,-3.66839496009553,0.00221178753018728,0.0254740090566658,-1.57306691853316,"Down"
"WSB2","WSB2",-1.20419389489481,9.44252100856962,-3.65339083599432,0.00228156203370133,0.0258882321374834,-1.60320163593302,"Down"
"PLAAT4","PLAAT4",-1.32460179784829,9.58232228667529,-3.64886777333495,0.00230302663289625,0.0259878766441451,-1.61228501805049,"Down"
"GDA","GDA",-1.53479126042849,7.14613122153017,-3.64676717952205,0.00231306405974839,0.0260470781785811,-1.6165033634471,"Down"
"CLCA2","CLCA2",-1.11257676134174,9.17160190975512,-3.62939061705632,0.00239779897303089,0.026793282565497,-1.65139467044313,"Down"
"CALML5","CALML5",-1.73505817620165,7.86499079172213,-3.62614113628322,0.00241398730101069,0.0269490805576086,-1.65791868752258,"Down"
"ETHE1","ETHE1",-1.01515536255323,9.67478087720697,-3.61226043318026,0.00248438295509573,0.0273370021392336,-1.68578410857321,"Down"
"TNNT1","TNNT1",-2.08712300523271,6.04684136846967,-3.61165662399608,0.00248749149299416,0.0273370021392336,-1.68699613635685,"Down"
"XM_006723343","XM_006723343",-2.08712300523271,6.04684136846967,-3.61165662399608,0.00248749149299416,0.0273370021392336,-1.68699613635685,"Down"
"SFN","SFN",-1.16937916350915,10.3135289904937,-3.59719496272595,0.00256312056793636,0.0277922107592853,-1.71602201905788,"Down"
"KRT5","KRT5",-1.09244820057205,13.4842952039641,-3.58281662332235,0.00264060052431215,0.0282812959969425,-1.74487451733783,"Down"
"MGAT4A","MGAT4A",-1.26173125275114,7.00448650964819,-3.57967863722442,0.00265781985230628,0.0284029350378697,-1.75117053604698,"Down"
"C3","C3",-1.53368039561705,9.44380738088431,-3.57799494328018,0.00266710528268553,0.0284136089636121,-1.75454854761765,"Down"
"YKT6","YKT6",-1.22345634009106,6.32174015190404,-3.57264813657578,0.00269680863001107,0.0285400355985563,-1.76527527425584,"Down"
"XM_005249582","XM_005249582",-1.22345634009106,6.32174015190404,-3.57264813657578,0.00269680863001107,0.0285400355985563,-1.76527527425584,"Down"
"EREG","EREG",-2.15837647779678,4.47263011188379,-3.54798010249334,0.00283819921486078,0.029515796167716,-1.81475114440564,"Down"
"KRT17","KRT17",-1.50898127197612,8.33231215416506,-3.53759874911746,0.00289990053852001,0.0298931591384044,-1.83556588119817,"Down"
"CLDN1","CLDN1",-1.35948087200836,8.85134775828158,-3.49690147531752,0.00315500981303947,0.0314218031255491,-1.91712084019188,"Down"
"INPP4B","INPP4B",-1.26764489886702,7.41192987566304,-3.49540972048214,0.00316477581724701,0.0314538091782868,-1.92010881124738,"Down"
"XM_005263322","XM_005263322",-1.26764489886702,7.41192987566304,-3.49540972048214,0.00316477581724701,0.0314538091782868,-1.92010881124738,"Down"
"XM_006714403","XM_006714403",-1.26764489886702,7.41192987566304,-3.49540972048214,0.00316477581724701,0.0314538091782868,-1.92010881124738,"Down"
"XM_006714404","XM_006714404",-1.26764489886702,7.41192987566304,-3.49540972048214,0.00316477581724701,0.0314538091782868,-1.92010881124738,"Down"
"CHST11","CHST11",-1.47682721602899,6.63292123835747,-3.49501923980024,0.00316733714743152,0.0314662360151702,-1.9208909229028,"Down"
"FOLH1","FOLH1",-1.04405520359349,4.8864821790308,-3.49311102520204,0.00317988378994769,0.0315126221000514,-1.9247128683301,"Down"
"FOLH1B","FOLH1B",-1.04405520359349,4.8864821790308,-3.49311102520204,0.00317988378994769,0.0315126221000514,-1.9247128683301,"Down"
"RGS20","RGS20",-2.05460706450422,6.57184178625609,-3.49201584361339,0.00318710711612394,0.0315524018137761,-1.92690631831751,"Down"
"GPR180","GPR180",-1.4444329060715,4.31997462644089,-3.49196275321519,0.00318745769316761,0.0315524018137761,-1.92701264727905,"Down"
"FRK","FRK",-1.54074211595315,6.30752984921582,-3.491904620156,0.00318784161313254,0.0315524018137761,-1.92712907547932,"Down"
"ANO4","ANO4",-1.86255300250793,6.12883926977482,-3.47830202634524,0.00327895814831709,0.0321756146671736,-1.95436761620854,"Down"
"PACC1","PACC1",-1.05262216478078,7.73367788611135,-3.47190525049141,0.00332270206381365,0.0324853339860103,-1.96717362528481,"Down"
"CGN","CGN",-1.02941735950869,6.46421054920859,-3.45697996053681,0.00342704824008191,0.0330478151299501,-1.99704489778123,"Down"
"CRCT1","CRCT1",-1.17377503139248,3.83735321666469,-3.44869180924469,0.00348639938464947,0.0333522666616221,-2.01362745037761,"Down"
"CTSV","CTSV",-1.83600923468881,11.6596298657441,-3.44811336714196,0.00349057969560848,0.0333522666616221,-2.01478462723447,"Down"
"XM_006716960","XM_006716960",-1.83600923468881,11.6596298657441,-3.44811336714196,0.00349057969560848,0.0333522666616221,-2.01478462723447,"Down"
"GALNT7","GALNT7",-1.19419401186593,7.98976713650769,-3.44670714754677,0.00350076310710023,0.0333721404525127,-2.0175976988566,"Down"
"MMP10","MMP10",-2.34452812297348,7.62385274826996,-3.44463778975331,0.00351580272305453,0.0334203156272297,-2.02173714055904,"Down"
"IGF2BP3","IGF2BP3",-1.7066795059666,4.63164452243262,-3.44170458215069,0.00353723117025537,0.0334261811737,-2.0276041646797,"Down"
"XM_006715638","XM_006715638",-1.7066795059666,4.63164452243262,-3.44170458215069,0.00353723117025537,0.0334261811737,-2.0276041646797,"Down"
"XM_006715639","XM_006715639",-1.7066795059666,4.63164452243262,-3.44170458215069,0.00353723117025537,0.0334261811737,-2.0276041646797,"Down"
"MAPK1","MAPK1",-1.03644211536571,7.18058737949341,-3.43108403947896,0.00361591541963004,0.0339020319929532,-2.04884325995585,"Down"
"ST14","ST14",-1.3437591189791,7.36052914472572,-3.42803036445481,0.00363886072585376,0.0339638901241628,-2.05494879885011,"Down"
"ITGA5","ITGA5",-1.7978354669209,7.35294811385883,-3.42315483686493,0.00367579691760201,0.0341652761357249,-2.06469579231444,"Down"
"CAV2","CAV2",-1.22940966546635,10.800138353747,-3.41025225739375,0.00377535902405175,0.0347344460205409,-2.09048310631257,"Down"
"KLF7","KLF7",-1.57025667901916,6.178940017179,-3.40227556571125,0.00383825118823233,0.0349623168956176,-2.10642016659232,"Down"
"IFT70B","IFT70B",-1.0787142696715,6.05634268647678,-3.39212912382607,0.00391976199221774,0.0353610097587957,-2.12668625991639,"Down"
"HAUS2","HAUS2",-1.09004955862802,5.89822735499846,-3.39137427542778,0.00392589451336065,0.0353610097587957,-2.12819368882696,"Down"
"IL1A","IL1A",-2.79442203095006,4.89208129110824,-3.39132735384077,0.00392627602803989,0.0353610097587957,-2.12828738975872,"Down"
"RAB38","RAB38",-1.32135851338321,9.25929092508045,-3.37706346633613,0.00404398340945425,0.0359657553040025,-2.15676493249023,"Down"
"XM_005273860","XM_005273860",-1.32135851338321,9.25929092508045,-3.37706346633613,0.00404398340945425,0.0359657553040025,-2.15676493249023,"Down"
"XM_006718807","XM_006718807",-1.32135851338321,9.25929092508045,-3.37706346633613,0.00404398340945425,0.0359657553040025,-2.15676493249023,"Down"
"POLR3G","POLR3G",-1.00633406320407,6.10230763984049,-3.36680418594627,0.00413081108750825,0.0365026218097187,-2.17723854220155,"Down"
"RBM47","RBM47",-1.13102161419046,9.94800099226616,-3.36541770998486,0.00414268679370905,0.0365691557803557,-2.1800048392241,"Down"
"PMEPA1","PMEPA1",-1.44119166993096,6.4713192145299,-3.35683338104142,0.00421697528230209,0.037021156081132,-2.1971291607697,"Down"
"SEMA3A","SEMA3A",-1.58654497569502,5.89224578337268,-3.33999069303255,0.00436660513434916,0.0377140181484882,-2.23071148727506,"Down"
"XM_005250111","XM_005250111",-1.58654497569502,5.89224578337268,-3.33999069303255,0.00436660513434916,0.0377140181484882,-2.23071148727506,"Down"
"OCLN","OCLN",-1.59425647018932,5.73030564803784,-3.33130691045717,0.00444580306482224,0.0381236745844457,-2.24801735346267,"Down"
"TMEM40","TMEM40",-1.12074283841812,7.49193121639315,-3.31318467839242,0.00461571106884655,0.0390777379024808,-2.28411355654847,"Down"
"XM_006713249","XM_006713249",-1.12074283841812,7.49193121639315,-3.31318467839242,0.00461571106884655,0.0390777379024808,-2.28411355654847,"Down"
"STK26","STK26",-1.0874276196323,9.99939543361108,-3.31202477823607,0.00462680306595242,0.0390777379024808,-2.28642294821008,"Down"
"CEACAM6","CEACAM6",-2.69199703175528,7.78034659198623,-3.263604019902,0.00511424013926847,0.041516245087445,-2.38272561590984,"Down"
"MEIG1","MEIG1",-1.15143231456201,5.809117302622,-3.25814439474543,0.00517230149818398,0.0418139375410616,-2.39357075501823,"Down"
"XM_005252559","XM_005252559",-1.15143231456201,5.809117302622,-3.25814439474543,0.00517230149818398,0.0418139375410616,-2.39357075501823,"Down"
"XM_005252561","XM_005252561",-1.15143231456201,5.809117302622,-3.25814439474543,0.00517230149818398,0.0418139375410616,-2.39357075501823,"Down"
"ITGA2","ITGA2",-1.20418504110952,10.347598854937,-3.24285322675042,0.00533841975591161,0.0423964145820575,-2.42393033706249,"Down"
"CYP51A1","CYP51A1",-1.00975210293674,9.31307440232949,-3.22937374732261,0.00548923466682428,0.0430564086513452,-2.45067389538578,"Down"
"JPT1","JPT1",-1.23633646055343,9.1599065864765,-3.22639279280775,0.00552315274536292,0.0432094889811607,-2.45658570378974,"Down"
"MAP4K4","MAP4K4",-1.00147133834898,5.06642861824381,-3.21660605509952,0.00563597470867326,0.0437377239289789,-2.47598829662374,"Down"
"ERMP1","ERMP1",-1.28885738671782,9.50836491763212,-3.21197815334927,0.00569011704850063,0.0439710848029981,-2.48515983588516,"Down"
"XR_428431","XR_428431",-1.28885738671782,9.50836491763212,-3.21197815334927,0.00569011704850063,0.0439710848029981,-2.48515983588516,"Down"
"XR_428432","XR_428432",-1.28885738671782,9.50836491763212,-3.21197815334927,0.00569011704850063,0.0439710848029981,-2.48515983588516,"Down"
"CEACAM1","CEACAM1",-1.42173029027138,6.82551873703693,-3.20668934275848,0.00575262201741044,0.0442319918330612,-2.49563840220184,"Down"
"ELMOD2","ELMOD2",-1.18721497915891,6.86284538389357,-3.19474868312748,0.00589625037428667,0.0447712121112397,-2.51928510269507,"Down"
"PLAAT2","PLAAT2",-1.25970638678194,8.2064043188179,-3.18841082480779,0.005973920672495,0.0451467392887988,-2.53183000395569,"Down"
"PEX5L","PEX5L",-1.41039999661432,4.35177493765148,-3.17577425474788,0.00613181342926454,0.0456690176234827,-2.55682903706775,"Down"
"RAB6B","RAB6B",-1.23841189982222,6.60261604154959,-3.1672348776528,0.00624084056820299,0.046175294487672,-2.57371235313791,"Down"
"VAV2","VAV2",-1.01519225812625,7.95251255113863,-3.16613259845837,0.00625505286585261,0.0462519343457161,-2.57589107524794,"Down"
"ELOVL4","ELOVL4",-1.34655089337519,6.55458350882862,-3.15195266504522,0.00644075882275862,0.0471458045940386,-2.6039059707459,"Down"
"HSD17B2","HSD17B2",-1.48686737001002,8.60860884643277,-3.14230370902728,0.00657022749210353,0.0477296005646092,-2.62295554513247,"Down"
"XR_243405","XR_243405",-1.48686737001002,8.60860884643277,-3.14230370902728,0.00657022749210353,0.0477296005646092,-2.62295554513247,"Down"
"GSDME","GSDME",-1.25088333879321,8.43733390885155,-3.13843173917679,0.00662290045730073,0.0478803785470278,-2.63059667949743,"Down"
"MED18","MED18",-1.03989101788254,6.13603275631221,-3.13312375506532,0.00669578625356398,0.0481071466811311,-2.64106874597031,"Down"
"XM_003846750","XM_003846750",-1.03989101788254,6.13603275631221,-3.13312375506532,0.00669578625356398,0.0481071466811311,-2.64106874597031,"Down"
"KRT14","KRT14",-1.14156457566276,13.9098601964221,-3.13017885355265,0.00673656448807608,0.0481641758071456,-2.64687721940387,"Down"
"LGALS7B","LGALS7B",-1.51176767354292,11.1932135098469,-3.12816215095538,0.0067646311318953,0.0482135934722413,-2.65085431089378,"Down"
"LGALS7","LGALS7",-1.51176767354292,11.1932135098469,-3.12816215095538,0.0067646311318953,0.0482135934722413,-2.65085431089378,"Down"
"RAI14","RAI14",-1.09484636672707,8.50191695418247,-3.12655287381027,0.00678711031633457,0.0483251918756044,-2.6540275662505,"Down"
"ATP1B1","ATP1B1",-1.12011144154809,9.53766235872034,-3.11758672558666,0.00691370924791492,0.0488706947537612,-2.67170154854057,"Down"
"KRT80","KRT80",-1.04261109724348,6.23455189454403,-3.11048451472441,0.00701564017199627,0.0492798933006305,-2.68569414099661,"Down"
"SPINK6","SPINK6",-1.13917631668046,4.00703596835843,-3.10405827718467,0.0071091452045651,0.0496028206976661,-2.69834937531617,"Down"
