from,to,score
A2M,CFB,0.726
A2M,CLU,0.896
A2M,IL1B,0.984
A2M,LRP1,0.998
A2M,MMP1,0.796
A2M,MMP2,0.953
A2M,MMP9,0.845
A2M,PLAU,0.715
A2M,SERPINF1,0.88
A2M,SERPING1,0.905
A2ML1,KLK7,0.835
A2ML1,KLK6,0.77
AASS,ALDH7A1,0.956
ABCA6,FOXO3,0.764
ABCA6,ABCA9,0.79
ACKR1,ACKR4,0.747
ACKR1,CCL2,0.994
ACKR1,CXCL5,0.897
ACKR1,GYPC,0.877
ACKR1,PPBP,0.836
ACKR1,CD82,0.973
ACKR1,FYB1,0.81
ACKR1,NECTIN1,0.994
ACKR4,CCL19,0.999
ACKR4,CCL2,0.812
ACKR4,CCL20,0.928
ACKR4,CCL8,0.987
ACKR4,CXCL12,0.865
ACSS3,ALDH2,0.886
ACSS3,ALDH7A1,0.87
ACSS3,AOX1,0.816
ACTA2,ACTG2,0.988
ACTA2,CCN2,0.727
ACTA2,CNN1,0.892
ACTA2,COL1A1,0.928
ACTA2,COL1A2,0.814
ACTA2,COL3A1,0.882
ACTA2,FBN1,0.721
ACTA2,LMOD1,0.773
ACTA2,MYH11,0.997
ACTA2,MYH14,0.907
ACTA2,MYL9,0.97
ACTA2,MYLK,0.89
ACTA2,PDGFRB,0.781
ACTA2,POSTN,0.73
ACTA2,TAGLN,0.954
ACTA2,TPM2,0.824
ACTG2,CNN1,0.93
ACTG2,LMOD1,0.86
ACTG2,MYH11,0.993
ACTG2,MYH14,0.907
ACTG2,MYL9,0.974
ACTG2,MYLK,0.856
ACTG2,TAGLN,0.82
ACTG2,TPM2,0.835
ACVRL1,BMP4,0.908
ACVRL1,ENG,0.999
ACVRL1,FKBP1A,0.751
ACVRL1,SMAD9,0.91
ADAMTS1,AREG,0.722
ADAMTS1,CCN1,0.752
ADAMTS2,COL1A1,0.936
ADAMTS2,COL1A2,0.946
ADAMTS2,COL3A1,0.891
ADAMTS2,COL5A1,0.826
ADAMTS2,FBLN5,0.789
ADAMTS2,FBN1,0.736
ADAMTS2,CCBE1,0.852
ADAMTS5,IL1B,0.737
ADAMTS5,TIMP3,0.888
ADAP1,PLEK2,0.727
ADARB1,BMP7,0.871
ADCY2,CALML5,0.737
ADCY2,GNB4,0.728
ADCY2,GNG2,0.811
ADCY2,GNG7,0.728
ADCY2,PDE5A,0.728
ADCY2,PDE1C,0.703
ADCY2,PDE3A,0.768
ADCY2,PDE7B,0.748
ADGRA2,FZD4,0.802
ADGRA2,LRRK2,0.739
ADGRA2,RECK,0.735
ADGRA2,WNT7A,0.747
ADGRD1,GNG2,0.822
ADGRD1,NPR3,0.711
ADGRF1,GNG2,0.817
ADGRL4,EMCN,0.782
ADH1B,ADHFE1,0.725
ADH1B,ALDH1A3,0.824
ADH1B,ALDH2,0.995
ADH1B,ALDH3A1,0.857
ADH1B,ALDH7A1,0.83
ADH1B,AOX1,0.952
ADH1B,CYP27C1,0.903
ADH1B,GSTA4,0.72
ADH1B,LRAT,0.913
ADH1B,GSTM3,0.721
ADHFE1,MGLL,0.799
ADM,GNG2,0.8
ADRA2A,GNG2,0.932
ADRA2A,GNG7,0.708
AGRN,BGN,0.922
AGRN,COL4A2,0.725
AGRN,DCN,0.807
AGRN,HCLS1,0.702
AGRN,ITGA7,0.711
AGRN,LAMA2,0.789
AGRN,LRP1,0.75
AGRN,LRP4,0.999
AGRN,NID1,0.985
AGRN,NID2,0.877
AGRN,SDC2,0.717
AGTR1,GNA15,0.723
AGTR1,PTGFR,0.783
ALDH1A3,AOX1,0.952
ALDH1A3,DHRS9,0.944
ALDH1A3,CYP26B1,0.973
ALDH1A3,RDH11,0.956
ALDH1A3,STRA6,0.702
ALDH2,ALDH4A1,0.85
ALDH2,AOC3,0.976
ALDH2,HMGA2,0.78
ALDH3A1,AOC3,0.928
ALDH3A1,GSTA4,0.757
ALDH3A1,GSTM3,0.726
ALDH4A1,ALDH7A1,0.868
ALDH4A1,GGT5,0.815
ALDH7A1,AOC3,0.928
ALDH7A1,CALML5,0.913
ALDH7A1,PDE1A,0.884
ALDH7A1,PDE5A,0.946
ALDH7A1,PRKG1,0.762
ALDH7A1,PDE1C,0.889
ALDH7A1,PDE3A,0.899
ALDH7A1,PDE7B,0.874
ALDH7A1,PDE8B,0.844
ANGPT1,CXCL12,0.704
ANGPT1,FGF2,0.822
ANGPT1,FGFR1,0.848
ANGPT1,FLT1,0.984
ANGPT1,IL1B,0.701
ANGPT1,KIT,0.841
ANGPT1,MET,0.77
ANGPT1,NTRK2,0.719
ANGPT1,PDGFRA,0.815
ANGPT1,PDGFRB,0.916
ANGPT1,TEK,0.999
ANGPT1,TIE1,0.998
ANGPT1,VWF,0.755
ANGPTL2,TEK,0.87
ANGPTL2,TIE1,0.84
ANK2,CALML5,0.841
ANK2,PLEK2,0.801
ANK2,SCN4B,0.862
ANK2,TMOD3,0.712
ANK2,NRCAM,0.938
ANPEP,ENG,0.863
ANPEP,GGT5,0.946
ANPEP,ITGA6,0.786
ANPEP,ITGAM,0.916
ANPEP,KIT,0.921
ANPEP,CDO1,0.804
ANPEP,SFN,0.96
ANTXR1,VWF,0.822
AOC3,ITGAM,0.854
AOX1,DHRS9,0.916
AOX1,GDA,0.752
AOX1,CYP26B1,0.921
AOX1,RDH11,0.914
AOX1,NNMT,0.957
APOD,CLU,0.939
AR,ERG,0.893
AR,FOLH1,0.722
AR,JUN,0.84
AR,TMPRSS2,0.974
AR,NR3C2,0.71
AR,PMEPA1,0.819
AR,TGFB1I1,0.942
AR,ZBTB16,0.752
AREG,EREG,0.998
AREG,FGFR1,0.802
AREG,FLT1,0.742
AREG,KIT,0.767
AREG,MET,0.804
AREG,NRG1,0.788
AREG,PDGFRA,0.737
AREG,PDGFRB,0.758
AREG,TEK,0.708
AREG,TGFA,0.96
ARHGEF6,MRAS,0.908
ARHGEF6,RASA1,0.764
ARPC1A,HCLS1,0.933
ASAP2,SH3KBP1,0.716
ASPN,COL1A1,0.719
ASPN,COL1A2,0.714
ASPN,COL3A1,0.815
ASPN,OGN,0.916
ASPN,OMD,0.835
ASPN,POSTN,0.83
ASPN,FRZB,0.902
ASPN,THBS2,0.742
ATP13A2,LRRK2,0.848
ATP1B1,MAPK1,0.905
ATP1B1,PLN,0.722
ATP1B1,PRKG1,0.901
AXIN2,FZD7,0.753
B3GNT3,FUT2,0.95
BAIAP2L1,EPS8,0.78
BAK1,BCL2,0.999
BAK1,BID,0.999
BAK1,C7,0.72
BAMBI,FZD3,0.919
BAMBI,FZD4,0.924
BAMBI,FZD7,0.916
BAMBI,SMAD6,0.705
BAMBI,TMSB10,0.825
BCL2,BCL6,0.906
BCL2,BID,0.998
BCL2,C7,0.721
BCL2,CDK6,0.712
BCL2,CTSK,0.928
BCL2,CTSV,0.926
BCL2,CXCL12,0.727
BCL2,FOXO3,0.73
BCL2,GIMAP5,0.733
BCL2,IL1B,0.808
BCL2,JUN,0.927
BCL2,KIT,0.707
BCL2,LGALS7,0.822
BCL2,MAPK1,0.969
BCL2,MMP2,0.716
BCL2,MMP9,0.804
BCL2,NR4A1,0.999
BCL2,PECAM1,0.752
BCL2,PPP2R2C,0.906
BCL2,TLR4,0.724
BCL2,TNFRSF10A,0.708
BCL2,CTSC,0.914
BCL2,CTSF,0.907
BCL2,LGALS7B,0.822
BCL2,TNFRSF10B,0.739
BCL6,EBF1,0.715
BCL6,FOXO3,0.721
BCL6,JUN,0.814
BGN,BMP4,0.852
BGN,CHRD,0.762
BGN,COL1A1,0.974
BGN,COL1A2,0.938
BGN,COL3A1,0.89
BGN,COL4A1,0.763
BGN,COL5A1,0.774
BGN,COL6A1,0.86
BGN,COL6A2,0.816
BGN,COL6A3,0.806
BGN,DCN,0.989
BGN,FBLN2,0.704
BGN,FBN1,0.784
BGN,FMOD,0.976
BGN,LOXL1,0.727
BGN,LUM,0.918
BGN,LY96,0.728
BGN,MMP2,0.781
BGN,NID1,0.786
BGN,POSTN,0.83
BGN,SPARC,0.724
BGN,TLR4,0.994
BGN,SDC2,0.709
BID,CTSK,0.912
BID,CTSV,0.905
BID,CTSC,0.908
BID,CTSF,0.901
BID,TNFRSF10B,0.722
BMP4,BMP7,0.978
BMP4,BMPER,0.926
BMP4,CCN2,0.711
BMP4,CHRD,0.999
BMP4,FBN1,0.742
BMP4,FGF18,0.833
BMP4,FGF2,0.873
BMP4,MSX1,0.91
BMP4,SMAD6,0.728
BMP4,SMAD9,0.785
BMP4,GREM2,0.925
BMP4,MGP,0.72
BMP4,PITX2,0.756
BMP4,SOX17,0.731
BMP4,TGFBR3,0.754
BMP7,BMPER,0.835
BMP7,CHRD,0.991
BMP7,ENG,0.83
BMP7,FBN1,0.86
BMP7,FGF2,0.786
BMP7,SMAD6,0.753
BMP7,SMAD9,0.734
BMP7,GREM2,0.921
BMPER,CHRD,0.799
BST1,ENPP1,0.93
BST1,PRKG1,0.902
BST1,NNMT,0.931
BST1,SCRG1,0.741
BTNL9,XDH,0.988
C1R,C1S,0.999
C1R,C3,0.935
C1R,C4A,0.991
C1R,C4B,0.991
C1R,CFH,0.844
C1R,MASP1,0.769
C1R,SERPING1,0.999
C1S,C3,0.908
C1S,C4A,0.993
C1S,C4B,0.993
C1S,CD163,0.703
C1S,CFH,0.744
C1S,CLU,0.74
C1S,MASP1,0.851
C1S,SERPING1,0.999
C1S,PTX3,0.811
C3,C4A,0.998
C3,C4B,0.998
C3,CCL2,0.737
C3,CFB,0.999
C3,CFH,0.999
C3,CLU,0.803
C3,F10,0.755
C3,ITGAM,0.999
C3,ITGB2,0.998
C3,MASP1,0.936
C3,PLAU,0.707
C3,SCIN,0.716
C3,SERPING1,0.954
C3,PTX3,0.737
C3,CFHR1,0.999
C4A,C4B,0.999
C4A,CFB,0.97
C4A,CFH,0.965
C4A,MASP1,0.942
C4A,SERPING1,0.879
C4A,CFHR1,0.769
C4A,ENPEP,0.793
C4A,TNXB,0.853
C4B,CFB,0.948
C4B,CFH,0.951
C4B,MASP1,0.935
C4B,SERPING1,0.756
C4B,CFHR1,0.774
C4B,ENPEP,0.788
C7,CLU,0.847
CACHD1,CACNA1C,0.702
CACNA1C,CACNA2D1,0.998
CACNA1C,CALML5,0.999
CACNA1C,GNG2,0.71
CACNA1C,KCNJ2,0.853
CACNA1C,PRKG1,0.937
CACNA1C,SCN4B,0.819
CACNA1C,FKBP1A,0.856
CACNA1C,SLC8A1,0.783
CACNA2D1,FKBP1A,0.721
CACNA2D1,KCNJ8,0.728
CALML5,CAV2,0.936
CALML5,CNN1,0.947
CALML5,GJA1,0.861
CALML5,MYLK,0.998
CALML5,MYO5A,0.812
CALML5,NFATC4,0.728
CALML5,PDE1A,0.972
CALML5,FKBP1A,0.992
CALML5,PDE1C,0.973
CALML5,STRA6,0.794
CALML5,ENPEP,0.782
CALML5,DCLK1,0.773
CALML5,KCNN4,0.859
CALML5,KCNQ5,0.701
CALML5,NFATC1,0.786
CALML5,PYGB,0.872
CALML5,RGN,0.729
CAV2,ITGB4,0.706
CBLC,SH3KBP1,0.859
CCL19,CCL2,0.892
CCL19,CCL20,0.961
CCL19,CCL8,0.771
CCL19,CXCL10,0.935
CCL19,CXCL12,0.966
CCL19,CXCL5,0.88
CCL19,IL1B,0.756
CCL19,PPBP,0.818
CCL19,VCAM1,0.778
CCL2,CCL20,0.979
CCL2,CCL8,0.999
CCL2,CD163,0.784
CCL2,CSF1,0.833
CCL2,CXCL10,0.965
CCL2,CXCL12,0.841
CCL2,CXCL5,0.891
CCL2,FGF2,0.732
CCL2,FLT1,0.791
CCL2,GNG2,0.808
CCL2,IL1A,0.934
CCL2,IL1B,0.97
CCL2,IL33,0.706
CCL2,ITGAM,0.796
CCL2,ITGB2,0.786
CCL2,JUN,0.98
CCL2,MMP1,0.774
CCL2,MMP2,0.704
CCL2,MMP9,0.809
CCL2,MRC1,0.827
CCL2,SELE,0.81
CCL2,SOCS3,0.749
CCL2,TEK,0.713
CCL2,TIMP2,0.716
CCL2,TLR4,0.847
CCL2,VCAM1,0.907
CCL2,CCL23,0.792
CCL20,CCL8,0.779
CCL20,CXCL10,0.936
CCL20,CXCL12,0.999
CCL20,CXCL5,0.999
CCL20,GNG2,0.819
CCL20,IL1A,0.895
CCL20,IL1B,0.958
CCL20,PPBP,0.814
CCL20,CCL23,0.78
CCL8,CXCL10,0.999
CCL8,IL1A,0.741
CCL8,PPBP,0.997
CCN1,CCN2,0.816
CCN1,EGR1,0.774
CCN1,SPARC,0.783
CCN1,VWF,0.783
CCN2,COL1A1,0.876
CCN2,COL1A2,0.835
CCN2,COL3A1,0.782
CCN2,DCN,0.939
CCN2,EGR1,0.713
CCN2,FBLN1,0.721
CCN2,FBN1,0.797
CCN2,FGF2,0.8
CCN2,JUN,0.828
CCN2,MMP2,0.839
CCN2,MMP9,0.809
CCN2,POSTN,0.716
CCN2,SPARC,0.764
CCN2,TAGLN,0.756
CCN2,TIMP3,0.735
CCN2,VWF,0.884
CCN3,SPARC,0.766
CCN3,VWF,0.7
CCNA1,CDK6,0.993
CCNA1,E2F5,0.74
CCNA1,WEE1,0.872
CD163,CSF1,0.734
CD163,IL1B,0.84
CD163,ITGAM,0.819
CD163,MRC1,0.93
CD163,PECAM1,0.708
CD163,TLR4,0.814
CD163,MS4A4A,0.843
CD163,MS4A7,0.799
CD163,STAB1,0.727
CD24,ENG,0.702
CD24,EPCAM,0.91
CD24,ITGA6,0.765
CD24,PECAM1,0.847
CD24,SELE,0.899
CD300LG,EMCN,0.716
CD93,PECAM1,0.792
CDH11,CDH19,0.726
CDH11,CDH3,0.801
CDH19,CDH3,0.74
CDH3,KRT5,0.724
CDK6,FOXO3,0.802
CDK6,HMGA2,0.704
CDK6,JUN,0.787
CDK6,ZEB1,0.717
CDK6,E2F5,0.807
CDK6,WEE1,0.828
CDS1,MBOAT2,0.945
CDS1,PLPP3,0.937
CELSR1,FZD3,0.881
CFB,CFH,0.961
CFB,SERPING1,0.88
CFB,CFHR1,0.921
CFH,MASP1,0.778
CFH,SERPING1,0.722
CFH,PTX3,0.913
CFH,CFHR1,0.91
CGN,CLDN1,0.749
CGN,F11R,0.992
CGN,MARVELD2,0.989
CGN,OCLN,0.995
CGN,TJP2,0.999
CHN1,RASA1,0.751
CHPT1,LPCAT4,0.933
CHPT1,PLPP3,0.949
CHPT1,PLA2G7,0.929
CHRD,VWF,0.781
CHRD,GREM2,0.743
CHSY3,GALNT3,0.762
CHSY3,CSGALNACT1,0.924
CIRBP,TLR4,0.854
CITED2,FOXO3,0.933
CITED2,TFAP2B,0.88
CLDN1,CLDN11,0.703
CLDN1,CLDN5,0.872
CLDN1,F11R,0.991
CLDN1,ITGA2,0.809
CLDN1,JAM2,0.701
CLDN1,MARVELD2,0.889
CLDN1,OCLN,0.999
CLDN1,TJP2,0.999
CLDN11,CLDN5,0.728
CLDN11,OCLN,0.958
CLDN11,PMP22,0.856
CLDN5,CLDN7,0.878
CLDN5,F11R,0.956
CLDN5,GJA1,0.829
CLDN5,MARVELD2,0.774
CLDN5,MMP9,0.756
CLDN5,OCLN,0.999
CLDN5,PECAM1,0.845
CLDN5,ROBO4,0.732
CLDN5,TJP2,0.989
CLDN5,VWF,0.92
CLDN7,EPCAM,0.993
CLDN7,F11R,0.982
CLDN7,ITGA2,0.859
CLDN7,MARVELD2,0.964
CLDN7,OCLN,0.999
CLDN7,TJP2,0.995
CLU,LOXL1,0.702
CLU,LPL,0.773
CLU,LRP1,0.715
CLU,MMP9,0.718
CLU,SERPING1,0.721
CLU,PLA2G7,0.842
CLU,LTBP2,0.704
CLU,SAA4,0.706
CNN1,LMOD1,0.812
CNN1,MYH11,0.968
CNN1,MYL9,0.771
CNN1,MYLK,0.703
CNN1,TAGLN,0.781
COL13A1,COL16A1,0.705
COL13A1,COL4A2,0.72
COL14A1,COL15A1,0.779
COL14A1,COL16A1,0.874
COL14A1,COL1A1,0.783
COL14A1,COL1A2,0.788
COL14A1,COL3A1,0.701
COL14A1,COL5A1,0.786
COL14A1,COL6A1,0.768
COL14A1,COL6A2,0.799
COL14A1,COL8A2,0.757
COL14A1,DCN,0.937
COL14A1,LUM,0.726
COL14A1,MFAP4,0.71
COL14A1,MMP9,0.854
COL14A1,OGN,0.782
COL14A1,PRELP,0.732
COL15A1,COL1A1,0.713
COL15A1,COL1A2,0.702
COL15A1,COL3A1,0.791
COL15A1,COL4A1,0.74
COL15A1,COL4A2,0.777
COL15A1,COL5A1,0.793
COL15A1,COL6A1,0.76
COL15A1,COL6A2,0.777
COL15A1,COL8A1,0.801
COL16A1,COL1A1,0.756
COL16A1,COL1A2,0.822
COL16A1,COL3A1,0.828
COL16A1,COL4A2,0.759
COL16A1,COL5A1,0.818
COL16A1,COL6A2,0.772
COL16A1,COL6A3,0.75
COL16A1,COL8A2,0.718
COL16A1,LUM,0.739
COL16A1,MMP9,0.802
COL17A1,DST,0.999
COL17A1,ITGA6,0.945
COL17A1,ITGB4,0.996
COL17A1,KRT14,0.839
COL17A1,KRT5,0.799
COL17A1,LAMA3,0.972
COL17A1,LAMA4,0.86
COL17A1,LAMB3,0.959
COL17A1,LAMC2,0.944
COL1A1,COL1A2,0.999
COL1A1,COL3A1,0.999
COL1A1,COL4A1,0.827
COL1A1,COL5A1,0.994
COL1A1,COL6A1,0.969
COL1A1,COL6A2,0.954
COL1A1,COL6A3,0.974
COL1A1,COL8A1,0.765
COL1A1,CTHRC1,0.795
COL1A1,DCN,0.923
COL1A1,DDR2,0.856
COL1A1,FBN1,0.929
COL1A1,FKBP10,0.804
COL1A1,FMOD,0.792
COL1A1,ITGA10,0.829
COL1A1,ITGA11,0.888
COL1A1,ITGA2,0.983
COL1A1,ITGA3,0.848
COL1A1,ITGA5,0.944
COL1A1,ITGA6,0.771
COL1A1,ITGA7,0.75
COL1A1,ITGA8,0.765
COL1A1,ITGB4,0.756
COL1A1,ITGB6,0.851
COL1A1,ITGB8,0.832
COL1A1,LUM,0.981
COL1A1,MMP1,0.767
COL1A1,MMP2,0.828
COL1A1,MMP9,0.84
COL1A1,NID1,0.739
COL1A1,PCOLCE2,0.703
COL1A1,PDGFRB,0.831
COL1A1,POSTN,0.903
COL1A1,PTK2,0.754
COL1A1,SPARC,0.968
COL1A1,TAGLN,0.785
COL1A1,VWF,0.877
COL1A1,THBS2,0.828
COL1A1,TNFRSF11B,0.729
COL1A2,COL3A1,0.999
COL1A2,COL4A1,0.757
COL1A2,COL4A2,0.786
COL1A2,COL5A1,0.989
COL1A2,COL6A1,0.875
COL1A2,COL6A2,0.908
COL1A2,COL6A3,0.968
COL1A2,COL8A1,0.771
COL1A2,CXCL12,0.727
COL1A2,DCN,0.93
COL1A2,FBLN2,0.713
COL1A2,FBLN5,0.705
COL1A2,FBN1,0.965
COL1A2,FKBP10,0.871
COL1A2,ITGA10,0.724
COL1A2,ITGA11,0.927
COL1A2,ITGA2,0.973
COL1A2,ITGA3,0.777
COL1A2,ITGA5,0.869
COL1A2,ITGA6,0.751
COL1A2,ITGA7,0.727
COL1A2,ITGA8,0.747
COL1A2,ITGB4,0.739
COL1A2,ITGB6,0.75
COL1A2,ITGB8,0.723
COL1A2,LUM,0.999
COL1A2,MMP2,0.853
COL1A2,MMP9,0.904
COL1A2,POSTN,0.918
COL1A2,PTK2,0.727
COL1A2,SPARC,0.959
COL1A2,TAGLN,0.744
COL1A2,THBS2,0.858
COL3A1,COL4A1,0.856
COL3A1,COL4A2,0.817
COL3A1,COL5A1,0.983
COL3A1,COL6A1,0.926
COL3A1,COL6A2,0.894
COL3A1,COL6A3,0.952
COL3A1,CXCL12,0.739
COL3A1,DCN,0.935
COL3A1,DDR2,0.841
COL3A1,FBLN5,0.724
COL3A1,FBN1,0.97
COL3A1,ITGA2,0.976
COL3A1,LAMA4,0.75
COL3A1,LUM,0.986
COL3A1,MMP2,0.799
COL3A1,MMP9,0.745
COL3A1,POSTN,0.976
COL3A1,SPARC,0.911
COL3A1,THBS2,0.804
COL3A1,TNXB,0.746
COL3A1,SULF1,0.748
COL4A1,COL4A2,0.999
COL4A1,COL5A1,0.915
COL4A1,COL6A1,0.832
COL4A1,COL6A2,0.81
COL4A1,COL6A3,0.809
COL4A1,COL8A1,0.736
COL4A1,FBN1,0.805
COL4A1,ITGA10,0.739
COL4A1,ITGA11,0.856
COL4A1,ITGA2,0.781
COL4A1,ITGA3,0.87
COL4A1,ITGA5,0.882
COL4A1,ITGA6,0.785
COL4A1,ITGA7,0.772
COL4A1,ITGA8,0.85
COL4A1,ITGB4,0.846
COL4A1,ITGB6,0.756
COL4A1,ITGB8,0.837
COL4A1,LAMA4,0.787
COL4A1,LAMC2,0.735
COL4A1,MMP2,0.821
COL4A1,MMP9,0.753
COL4A1,NID1,0.855
COL4A1,PTK2,0.731
COL4A1,NID2,0.74
COL4A1,THBS2,0.715
COL4A2,COL5A1,0.872
COL4A2,COL6A1,0.81
COL4A2,COL6A2,0.813
COL4A2,COL6A3,0.792
COL4A2,COL8A1,0.712
COL4A2,ITGA10,0.733
COL4A2,ITGA11,0.775
COL4A2,ITGA2,0.765
COL4A2,ITGA3,0.784
COL4A2,ITGA5,0.803
COL4A2,ITGA6,0.769
COL4A2,ITGA7,0.769
COL4A2,ITGA8,0.752
COL4A2,ITGB4,0.827
COL4A2,ITGB6,0.717
COL4A2,ITGB8,0.798
COL4A2,LAMA4,0.798
COL4A2,MMP2,0.783
COL4A2,NID1,0.823
COL4A2,PTK2,0.724
COL4A2,NID2,0.734
COL5A1,COL6A1,0.879
COL5A1,COL6A2,0.862
COL5A1,COL6A3,0.892
COL5A1,COL8A1,0.725
COL5A1,COL8A2,0.812
COL5A1,DDR2,0.762
COL5A1,FBLN2,0.707
COL5A1,FBN1,0.929
COL5A1,ITGA11,0.721
COL5A1,LUM,0.912
COL5A1,MMP2,0.796
COL5A1,POSTN,0.78
COL5A1,THBS2,0.742
COL5A1,TNXB,0.781
COL6A1,COL6A2,0.998
COL6A1,COL6A3,0.994
COL6A1,DCN,0.824
COL6A1,FBLN1,0.738
COL6A1,FBN1,0.743
COL6A1,ITGA10,0.839
COL6A1,ITGA11,0.878
COL6A1,ITGA2,0.857
COL6A1,ITGA3,0.835
COL6A1,ITGA5,0.922
COL6A1,ITGA6,0.771
COL6A1,ITGA7,0.796
COL6A1,ITGA8,0.86
COL6A1,ITGB4,0.766
COL6A1,ITGB6,0.722
COL6A1,ITGB8,0.769
COL6A1,LAMA2,0.762
COL6A1,LAMA4,0.743
COL6A1,NID1,0.709
COL6A1,THBS2,0.756
COL6A1,TNXB,0.725
COL6A1,THBS4,0.819
COL6A2,COL6A3,0.994
COL6A2,FBN1,0.75
COL6A2,ITGA10,0.742
COL6A2,ITGA11,0.863
COL6A2,ITGA2,0.818
COL6A2,ITGA3,0.781
COL6A2,ITGA5,0.892
COL6A2,ITGA6,0.781
COL6A2,ITGA7,0.804
COL6A2,ITGA8,0.847
COL6A2,ITGB4,0.766
COL6A2,ITGB6,0.714
COL6A2,ITGB8,0.713
COL6A2,LUM,0.702
COL6A2,NID1,0.716
COL6A2,THBS2,0.754
COL6A2,P3H2,0.726
COL6A3,FBN1,0.786
COL6A3,ITGA10,0.816
COL6A3,ITGA11,0.82
COL6A3,ITGA2,0.781
COL6A3,ITGA3,0.761
COL6A3,ITGA5,0.87
COL6A3,ITGA6,0.725
COL6A3,ITGA7,0.766
COL6A3,ITGA8,0.752
COL6A3,ITGB4,0.754
COL6A3,ITGB6,0.747
COL6A3,ITGB8,0.722
COL6A3,LUM,0.853
COL6A3,POSTN,0.819
COL6A3,THBS2,0.799
COL8A1,COL8A2,0.927
COL8A2,TCF4,0.771
COL8A2,ZEB1,0.871
COLEC12,LIMK2,0.926
CPA3,GATA2,0.752
CPA3,TPSAB1,0.945
CPA3,SRGN,0.738
CPA3,TPSB2,0.875
CREB5,FOSB,0.774
CREB5,JUN,0.971
CREB5,JUND,0.898
CREB5,MAPK1,0.946
CREB5,PRKG1,0.723
CSF1,CTSK,0.701
CSF1,CXCL10,0.728
CSF1,CXCL12,0.701
CSF1,FGFR1,0.75
CSF1,FLT1,0.866
CSF1,IL1A,0.826
CSF1,IL1B,0.81
CSF1,ITGAM,0.781
CSF1,KIT,0.918
CSF1,MET,0.751
CSF1,MRC1,0.723
CSF1,PDGFRA,0.864
CSF1,PDGFRB,0.909
CSF1,TEK,0.812
CSF2RB,ITGAM,0.714
CSRNP1,MSX1,0.845
CSTA,CTSV,0.96
CSTA,PI3,0.776
CTHRC1,FZD3,0.769
CTHRC1,POSTN,0.709
CTSK,MITF,0.73
CTSK,MMP9,0.886
CTSK,TLR4,0.82
CTSK,NFATC1,0.904
CTSV,SCUBE2,0.711
CXCL10,CXCL12,0.999
CXCL10,CXCL14,0.996
CXCL10,CXCL5,0.974
CXCL10,IDO1,0.832
CXCL10,IFIH1,0.891
CXCL10,IL1A,0.958
CXCL10,IL1B,0.962
CXCL10,ITGAM,0.774
CXCL10,MMP1,0.732
CXCL10,MMP9,0.868
CXCL10,OAS1,0.73
CXCL10,OAS2,0.753
CXCL10,PPBP,0.999
CXCL10,TLR4,0.969
CXCL10,VCAM1,0.732
CXCL12,CXCL14,0.998
CXCL12,CXCL5,0.905
CXCL12,FGF2,0.896
CXCL12,FLT1,0.8
CXCL12,IL1B,0.755
CXCL12,ITGA5,0.726
CXCL12,ITGB2,0.709
CXCL12,KIT,0.974
CXCL12,MET,0.902
CXCL12,MMP2,0.762
CXCL12,MMP9,0.891
CXCL12,PDGFRA,0.806
CXCL12,PDGFRB,0.815
CXCL12,PECAM1,0.745
CXCL12,PPBP,0.999
CXCL12,SELE,0.727
CXCL12,TEK,0.825
CXCL12,TLR4,0.821
CXCL12,VCAM1,0.864
CXCL14,CXCL5,0.997
CXCL14,PPBP,0.996
CXCL5,IL1A,0.815
CXCL5,IL1B,0.771
CXCL5,MMP1,0.729
CXCL5,MMP9,0.83
CXCL5,PPBP,0.833
CYP27C1,DHRS9,0.921
CYP27C1,LRAT,0.92
CYP27C1,RDH11,0.921
DAB2,GJA1,0.729
DAB2,SH3KBP1,0.785
DCN,DPT,0.85
DCN,FBLN1,0.806
DCN,FBN1,0.912
DCN,FGF18,0.937
DCN,FGF2,0.834
DCN,FMOD,0.938
DCN,LRP1,0.839
DCN,LUM,0.978
DCN,MET,0.986
DCN,MMP2,0.866
DCN,MMP7,0.772
DCN,MMP9,0.713
DCN,NID1,0.724
DCN,OGN,0.711
DCN,PDGFRA,0.826
DCN,POSTN,0.758
DCN,SPARC,0.905
DCN,TLR4,0.988
DCN,SDC2,0.712
DCN,THBS2,0.72
DDR2,ITGA2,0.715
DEPTOR,FKBP1A,0.764
DEPTOR,MAFB,0.709
DEPTOR,SGK1,0.834
DHRS9,LRAT,0.944
DKK2,DKK3,0.967
DKK2,WNT7A,0.82
DKK2,FRZB,0.832
DKK2,WNT2,0.894
DKK2,WNT2B,0.941
DKK3,WNT2B,0.858
DLC1,RHOC,0.703
DLC1,RASA1,0.961
DLC1,TNS1,0.746
DLC1,TNS2,0.992
DPT,LUM,0.803
DPT,POSTN,0.709
DPT,PRELP,0.777
DPYSL2,GDA,0.715
DPYSL2,MAP1B,0.756
DPYSL2,SEMA3A,0.832
DPYSL2,DPYSL4,0.757
DPYSL2,RAB27B,0.753
DSC2,DSG2,0.999
DSC2,GJA1,0.784
DSC2,PKP1,0.853
DSG2,GJA1,0.838
DSG2,PKP1,0.895
DST,ITGA6,0.828
DST,ITGB4,0.991
DST,LAMA3,0.839
DUOX1,NCF2,0.979
DUOX1,XDH,0.711
DUSP1,EGR1,0.8
DUSP1,FOSB,0.864
DUSP1,JUN,0.911
DUSP1,MAPK1,0.996
DUSP1,MAPK13,0.955
DUSP1,NR4A1,0.794
DUSP1,PPP1R15A,0.746
DUSP1,ZFP36,0.934
EBF1,ZNF423,0.978
EBF1,ZNF521,0.812
ECM2,OMD,0.703
EGR1,FOSB,0.987
EGR1,JUN,0.99
EGR1,JUND,0.962
EGR1,MAPK1,0.946
EGR1,NR4A1,0.873
EGR1,SNAI1,0.715
EGR1,ZFP36,0.798
EMCN,PECAM1,0.803
EMCN,PODXL,0.724
EMCN,TEK,0.754
ENG,FGF2,0.831
ENG,FLT1,0.737
ENG,ITGA5,0.801
ENG,ITGAM,0.795
ENG,KIT,0.82
ENG,MCAM,0.834
ENG,PDGFRA,0.743
ENG,PECAM1,0.923
ENG,TEK,0.831
ENG,VCAM1,0.737
ENG,SMAD9,0.775
ENG,VWF,0.718
ENPP1,ENTPD3,0.948
ENPP1,GMPR,0.904
ENPP1,NPR2,0.911
ENPP1,PDE1A,0.911
ENPP1,PGM2L1,0.904
ENPP1,PDE1C,0.91
ENPP1,PDE3A,0.908
ENPP1,PDE7B,0.918
ENPP1,PDE8B,0.907
ENPP1,PYGB,0.914
ENPP2,LPAR1,0.917
ENPP2,LPAR6,0.74
ENTPD3,GMPR,0.909
ENTPD3,P2RY2,0.717
EPCAM,GPC3,0.747
EPCAM,ITGA6,0.823
EPCAM,ITGAM,0.734
EPCAM,MET,0.721
EPCAM,MYO5B,0.75
EPCAM,PECAM1,0.727
EPCAM,SPINT2,0.88
EPCAM,KRT7,0.735
EPHA1,RASA1,0.927
EPHA3,EPHB2,0.772
EPHA3,RASA1,0.914
EPHB2,RASA1,0.977
EPS8,RASA1,0.761
EPS8,MPP1,0.857
EPS8,TWF1,0.718
EREG,FGFR1,0.706
EREG,FLT1,0.726
EREG,KIT,0.708
EREG,MET,0.776
EREG,NRG1,0.845
EREG,PDGFRA,0.709
EREG,PDGFRB,0.722
EREG,TEK,0.702
EREG,TGFA,0.92
ERG,TMPRSS2,0.933
ERO1A,PPP1R15A,0.726
ESRP1,QKI,0.861
ESRP1,RAB25,0.795
EXPH5,RAB27B,0.815
F10,TFPI,0.999
F10,VWF,0.978
F11R,ITGB2,0.998
F11R,JAM2,0.969
F11R,MARVELD2,0.931
F11R,OCLN,0.998
F11R,PECAM1,0.932
F11R,PRKCZ,0.852
F11R,TJP2,0.996
F11R,VCAM1,0.779
F11R,NECTIN1,0.707
F2R,GNA15,0.781
F2R,LPAR1,0.945
F2R,MMP1,0.897
F2R,PRSS3,0.751
F2R,TFPI,0.738
F2R,LPAR6,0.904
FBLN1,FBLN2,0.948
FBLN1,MFAP4,0.834
FBLN1,NID1,0.835
FBLN1,MFAP5,0.797
FBLN2,FBLN5,0.786
FBLN2,FBN1,0.971
FBLN2,MFAP4,0.73
FBLN2,NID1,0.904
FBLN2,POSTN,0.802
FBLN2,NID2,0.807
FBLN2,MFAP5,0.777
FBLN5,FBN1,0.922
FBLN5,LOXL1,0.997
FBLN5,MFAP4,0.842
FBLN5,LTBP2,0.881
FBLN5,MFAP5,0.796
FBN1,ITGA5,0.775
FBN1,ITGB6,0.729
FBN1,LOXL1,0.888
FBN1,LUM,0.972
FBN1,MFAP4,0.909
FBN1,MMP2,0.817
FBN1,MMP9,0.746
FBN1,MYOC,0.909
FBN1,POSTN,0.785
FBN1,LTBP2,0.887
FBN1,MFAP5,0.976
FERMT1,FERMT2,0.743
FERMT1,PLEK2,0.8
FERMT2,PLEK2,0.742
FGF18,FGF2,0.704
FGF18,FGFR1,0.999
FGF18,FLT1,0.871
FGF18,KIT,0.848
FGF18,MET,0.865
FGF18,NTRK2,0.757
FGF18,PDGFRA,0.858
FGF18,PDGFRB,0.893
FGF18,PECAM1,0.728
FGF18,TEK,0.848
FGF18,FGFBP1,0.946
FGF2,FGFR1,0.999
FGF2,FLT1,0.993
FGF2,GPC3,0.706
FGF2,IL1A,0.718
FGF2,IL1B,0.896
FGF2,KIT,0.885
FGF2,KLF4,0.743
FGF2,MAPK1,0.78
FGF2,MET,0.905
FGF2,MMP1,0.737
FGF2,MMP2,0.802
FGF2,MMP9,0.919
FGF2,NES,0.836
FGF2,NTRK2,0.908
FGF2,PDGFRA,0.982
FGF2,PDGFRB,0.953
FGF2,PECAM1,0.801
FGF2,PTN,0.722
FGF2,S100B,0.986
FGF2,TEK,0.941
FGF2,SDC2,0.884
FGF2,TIE1,0.701
FGF2,TGFA,0.824
FGF2,PTX3,0.982
FGF2,FGFBP1,0.995
FGF2,PTHLH,0.784
FGFR1,PDGFD,0.833
FGFR1,PDGFRA,0.715
FGFR1,PIK3R1,0.992
FGFR1,RPS6KA1,0.874
FGFR1,SNAI1,0.846
FGFR1,TWIST1,0.853
FGFR1,TGFA,0.771
FGFR1,GRB14,0.946
FGFR1,SHC3,0.92
FKBP10,SERPINF1,0.735
FLI1,GATA2,0.928
FLT1,MMP2,0.731
FLT1,MMP9,0.779
FLT1,PDGFD,0.884
FLT1,PECAM1,0.824
FLT1,PIK3R1,0.909
FLT1,PTK2,0.948
FLT1,TGFA,0.803
FLT1,SHC3,0.729
FMOD,LUM,0.886
FMOD,OGN,0.818
FMOD,OMD,0.788
FMOD,PRELP,0.811
FOLH1,MSLN,0.755
FOLH1,GRP,0.779
FOSB,JUN,0.999
FOSB,JUND,0.999
FOSB,MAPK13,0.776
FOSB,NR4A1,0.907
FOSB,ZFP36,0.89
FOXO3,JUN,0.773
FOXO3,KLF4,0.86
FOXO3,MAPK1,0.963
FOXO3,MAPK13,0.926
FOXO3,PTK2,0.992
FOXO3,SFN,0.788
FOXO3,SGK1,0.979
FOXO3,RUNX3,0.779
FOXO3,TRIM63,0.834
FUT2,ST3GAL4,0.943
FZD3,MCAM,0.806
FZD3,WNT7A,0.945
FZD3,WNT2,0.926
FZD3,WNT2B,0.936
FZD3,ROR1,0.723
FZD4,WNT7A,0.993
FZD4,WNT2,0.959
FZD4,WNT2B,0.957
FZD4,ROR1,0.769
FZD4,TSPAN12,0.997
FZD7,GNG2,0.806
FZD7,WNT7A,0.995
FZD7,WNT2,0.955
FZD7,WNT2B,0.939
FZD7,ROR1,0.781
GALE,IL11RA,0.961
GALNT3,SAMD9,0.716
GATA2,JUN,0.854
GATA2,LDB2,0.983
GBP2,IFIH1,0.725
GBP2,OAS2,0.717
GBP2,SAMD9L,0.7
GDA,XDH,0.988
GFRA1,SOX10,0.83
GFRA1,ZBTB16,0.73
GGT5,GSTA4,0.706
GHR,SOCS3,0.85
GIMAP1-GIMAP5,GIMAP5,0.802
GIMAP1-GIMAP5,GIMAP6,0.749
GIMAP5,GIMAP6,0.829
GJA1,KCNJ2,0.76
GJA1,MAPK1,0.943
GJA1,OCLN,0.783
GJA1,TJP2,0.918
GJA1,GJC1,0.993
GK,GPAT3,0.941
GK,GPD2,0.877
GK,LPL,0.786
GK,MGLL,0.937
GLDN,NRCAM,0.996
GMPR,PDE1A,0.915
GMPR,PDE5A,0.91
GMPR,PDE1C,0.904
GMPR,PDE3A,0.907
GNA15,GNB4,0.804
GNA15,GNG11,0.727
GNA15,GNG2,0.774
GNA15,GNG7,0.761
GNB4,GNG11,0.999
GNB4,GNG2,0.999
GNB4,GNG7,0.999
GNB4,LPAR1,0.704
GNB4,MAPK1,0.75
GNB4,MAPK13,0.737
GNB4,PIK3R1,0.793
GNB4,MTNR1A,0.784
GNB4,PREX1,0.937
GNB4,PTGER2,0.791
GNG11,GNG2,0.837
GNG11,PREX1,0.901
GNG2,LPAR1,0.944
GNG2,S1PR1,0.842
GNG2,PTHLH,0.8
GNG2,MTNR1A,0.94
GNG2,PREX1,0.981
GNG2,PTGER2,0.72
GNG2,GPR183,0.811
GNG2,KCTD12,0.839
GNG7,LPAR1,0.747
GNG7,OR4F16,0.74
GNG7,PREX1,0.902
GPAT3,GPD2,0.928
GPAT3,MBOAT2,0.842
GPC3,TFPI,0.71
GPC3,WNT7A,0.918
GPC3,SDC2,0.802
GPC3,WNT2,0.927
GPC3,WNT2B,0.919
GPD2,MBOAT2,0.83
GPD2,PLPP3,0.872
GPNMB,LRRK2,0.809
GPNMB,TMSB10,0.851
GRB7,KIT,0.886
GRB7,PDGFRB,0.849
GRB7,PTK2,0.853
GSTA4,GSTM3,0.877
GYPC,MPP1,0.918
HCLS1,ITGB2,0.824
HCLS1,LAPTM5,0.812
HCLS1,PTK2,0.987
HCLS1,SCIN,0.986
HCLS1,TJP2,0.717
HCLS1,NEXN,0.815
HCLS1,PRKD1,0.854
HCLS1,VAV2,0.792
HCLS1,WIPF1,0.973
HERC5,IFI27,0.713
HERC5,IFIH1,0.925
HERC5,OAS1,0.85
HERC5,OAS2,0.902
HHEX,IGF2BP2,0.908
HMGA2,IGF2BP2,0.996
HMGA2,SNAI1,0.728
HMGA2,SMAD9,0.816
HMGA2,IGF2BP3,0.909
HMGA2,LHFPL6,0.818
ID4,TCF4,0.932
IDO1,IL1B,0.748
IDO1,ITGAM,0.79
IDO1,KMO,0.833
IDO1,SOCS3,0.797
IDO1,INMT,0.913
IDO1,KYNU,0.983
IFI27,IFIH1,0.785
IFI27,OAS1,0.937
IFI27,OAS2,0.866
IFIH1,OAS1,0.939
IFIH1,OAS2,0.932
IFIH1,SAMD9,0.837
IFIH1,TLR4,0.811
IFIH1,SAMD9L,0.81
IGF2BP2,IGF2BP3,0.851
IL11RA,IL6ST,0.918
IL11RA,IL19,0.702
IL1A,IL1B,0.999
IL1A,IL33,0.82
IL1A,ITGAM,0.7
IL1A,JUN,0.944
IL1A,MMP1,0.798
IL1A,MMP9,0.734
IL1A,SELE,0.722
IL1A,TLR4,0.974
IL1A,VCAM1,0.72
IL1A,TNFRSF1B,0.77
IL1B,IL33,0.89
IL1B,ITGAM,0.853
IL1B,ITGB2,0.786
IL1B,JUN,0.987
IL1B,LIFR,0.704
IL1B,LY96,0.723
IL1B,MMP1,0.873
IL1B,MMP2,0.745
IL1B,MMP7,0.742
IL1B,MMP9,0.949
IL1B,MRC1,0.812
IL1B,OCLN,0.802
IL1B,PECAM1,0.701
IL1B,PLAU,0.765
IL1B,SELE,0.804
IL1B,SOCS3,0.819
IL1B,TLR4,0.986
IL1B,TXNIP,0.734
IL1B,VCAM1,0.83
IL1B,TNFRSF1B,0.914
IL33,TLR4,0.843
IL6ST,LIFR,0.997
IL6ST,MAPK1,0.702
IL6ST,PIK3R1,0.944
IL6ST,SOCS3,0.992
INPP4B,PIK3R1,0.949
IRF6,MSX1,0.817
IRF6,NECTIN1,0.764
IRF6,MAFB,0.806
IRS2,LEPR,0.819
IRS2,PIK3R1,0.998
IRS2,PRKCZ,0.943
IRS2,SOCS3,0.983
ITCH,JUN,0.9
ITCH,SMAD6,0.751
ITCH,TXNIP,0.989
ITGA10,ITGA11,0.946
ITGA10,ITGA2,0.944
ITGA10,ITGA3,0.919
ITGA10,ITGA5,0.922
ITGA10,ITGA6,0.718
ITGA10,ITGA7,0.709
ITGA10,ITGA8,0.779
ITGA10,ITGB2,0.963
ITGA10,ITGB4,0.858
ITGA10,ITGB6,0.953
ITGA10,ITGB8,0.969
ITGA10,LAMA2,0.767
ITGA10,LAMA3,0.725
ITGA10,LAMA4,0.733
ITGA10,LAMB3,0.732
ITGA10,LAMC2,0.717
ITGA10,LAMC3,0.834
ITGA10,PTK2,0.827
ITGA10,THBS2,0.736
ITGA10,THBS4,0.73
ITGA11,ITGA2,0.947
ITGA11,ITGA3,0.923
ITGA11,ITGA5,0.949
ITGA11,ITGA6,0.749
ITGA11,ITGA7,0.703
ITGA11,ITGA8,0.791
ITGA11,ITGB2,0.94
ITGA11,ITGB4,0.854
ITGA11,ITGB6,0.951
ITGA11,ITGB8,0.967
ITGA11,LAMA2,0.771
ITGA11,LAMA3,0.72
ITGA11,LAMA4,0.8
ITGA11,LAMB3,0.734
ITGA11,LAMC2,0.755
ITGA11,LAMC3,0.733
ITGA11,PTK2,0.849
ITGA11,THBS2,0.817
ITGA11,THBS4,0.717
ITGA2,ITGA3,0.972
ITGA2,ITGA5,0.962
ITGA2,ITGA6,0.88
ITGA2,ITGA7,0.784
ITGA2,ITGA8,0.852
ITGA2,ITGB2,0.974
ITGA2,ITGB4,0.924
ITGA2,ITGB6,0.974
ITGA2,ITGB8,0.966
ITGA2,LAMA2,0.768
ITGA2,LAMA3,0.843
ITGA2,LAMA4,0.838
ITGA2,LAMB3,0.861
ITGA2,LAMC2,0.883
ITGA2,LAMC3,0.716
ITGA2,MET,0.728
ITGA2,MMP1,0.813
ITGA2,PIK3R1,0.916
ITGA2,PTK2,0.94
ITGA2,VWF,0.853
ITGA2,THBS2,0.811
ITGA2,TNXB,0.703
ITGA2,THBS4,0.747
ITGA3,ITGA5,0.961
ITGA3,ITGA6,0.829
ITGA3,ITGA8,0.826
ITGA3,ITGB2,0.969
ITGA3,ITGB4,0.982
ITGA3,ITGB6,0.977
ITGA3,ITGB8,0.963
ITGA3,LAMA2,0.787
ITGA3,LAMA3,0.919
ITGA3,LAMA4,0.851
ITGA3,LAMB3,0.864
ITGA3,LAMC2,0.845
ITGA3,LAMC3,0.785
ITGA3,MET,0.762
ITGA3,PTK2,0.978
ITGA3,VWF,0.728
ITGA3,THBS2,0.931
ITGA3,THBS4,0.913
ITGA5,ITGA6,0.808
ITGA5,ITGA8,0.833
ITGA5,ITGB2,0.993
ITGA5,ITGB4,0.953
ITGA5,ITGB6,0.961
ITGA5,ITGB8,0.965
ITGA5,LAMA2,0.783
ITGA5,LAMA3,0.869
ITGA5,LAMA4,0.888
ITGA5,LAMB3,0.855
ITGA5,LAMC2,0.864
ITGA5,LAMC3,0.828
ITGA5,PLAU,0.781
ITGA5,PTK2,0.972
ITGA5,VCAM1,0.828
ITGA5,VWF,0.755
ITGA5,THBS2,0.781
ITGA5,THBS4,0.702
ITGA6,ITGB2,0.916
ITGA6,ITGB4,0.999
ITGA6,ITGB6,0.852
ITGA6,ITGB8,0.765
ITGA6,KRT14,0.703
ITGA6,LAMA2,0.861
ITGA6,LAMA3,0.93
ITGA6,LAMA4,0.926
ITGA6,LAMB3,0.891
ITGA6,LAMC2,0.898
ITGA6,LAMC3,0.755
ITGA6,NES,0.7
ITGA6,PTK2,0.961
ITGA6,VWF,0.74
ITGA6,THBS2,0.717
ITGA6,THBS4,0.701
ITGA7,ITGB2,0.747
ITGA7,ITGB4,0.87
ITGA7,ITGB6,0.821
ITGA7,ITGB8,0.754
ITGA7,LAMA2,0.906
ITGA7,LAMA3,0.799
ITGA7,LAMA4,0.894
ITGA7,LAMB3,0.755
ITGA7,LAMC2,0.825
ITGA7,LAMC3,0.755
ITGA7,PTK2,0.852
ITGA7,VWF,0.711
ITGA7,THBS2,0.744
ITGA7,TNXB,0.749
ITGA7,THBS4,0.736
ITGA8,ITGB2,0.844
ITGA8,ITGB4,0.868
ITGA8,ITGB6,0.882
ITGA8,ITGB8,0.869
ITGA8,LAMA2,0.87
ITGA8,LAMA3,0.81
ITGA8,LAMA4,0.827
ITGA8,LAMB3,0.765
ITGA8,LAMC2,0.745
ITGA8,LAMC3,0.727
ITGA8,PTK2,0.83
ITGA8,VWF,0.708
ITGA8,THBS2,0.743
ITGA8,TNXB,0.924
ITGA8,THBS4,0.711
ITGA8,TNN,0.915
ITGAM,ITGB2,0.999
ITGAM,KIT,0.797
ITGAM,MMP9,0.713
ITGAM,MRC1,0.931
ITGAM,PECAM1,0.836
ITGAM,PIK3R1,0.91
ITGAM,PTK2,0.723
ITGAM,SELE,0.762
ITGAM,TLR4,0.92
ITGAM,VCAM1,0.991
ITGAM,PRKD1,0.908
ITGB2,ITGB4,0.77
ITGB2,ITGB6,0.943
ITGB2,ITGB8,0.911
ITGB2,JAM2,0.874
ITGB2,LAPTM5,0.861
ITGB2,MMP9,0.705
ITGB2,PECAM1,0.814
ITGB2,PIK3R1,0.918
ITGB2,PTK2,0.786
ITGB2,SELE,0.993
ITGB2,VCAM1,0.998
ITGB2,PRKD1,0.906
ITGB2,VAV2,0.941
ITGB4,ITGB6,0.848
ITGB4,ITGB8,0.762
ITGB4,KRT14,0.759
ITGB4,LAMA2,0.753
ITGB4,LAMA3,0.951
ITGB4,LAMA4,0.919
ITGB4,LAMB3,0.982
ITGB4,LAMC2,0.965
ITGB4,LAMC3,0.833
ITGB4,PTK2,0.964
ITGB4,VWF,0.743
ITGB4,THBS2,0.75
ITGB4,THBS4,0.707
ITGB6,ITGB8,0.932
ITGB6,LAMA2,0.748
ITGB6,LAMA3,0.839
ITGB6,LAMA4,0.802
ITGB6,LAMB3,0.865
ITGB6,LAMC2,0.846
ITGB6,LAMC3,0.735
ITGB6,PTK2,0.932
ITGB6,VWF,0.705
ITGB6,THBS2,0.728
ITGB6,TNXB,0.906
ITGB6,THBS4,0.713
ITGB6,TNN,0.911
ITGB8,LAMA2,0.727
ITGB8,LAMA3,0.82
ITGB8,LAMA4,0.828
ITGB8,LAMB3,0.732
ITGB8,LAMC2,0.844
ITGB8,LAMC3,0.829
ITGB8,PTK2,0.933
ITGB8,THBS2,0.74
ITGB8,THBS4,0.712
JAM2,OCLN,0.734
JUN,JUND,0.999
JUN,KLF2,0.72
JUN,MAPK1,0.998
JUN,MAPK13,0.968
JUN,MITF,0.923
JUN,MMP1,0.842
JUN,MMP9,0.866
JUN,NR4A1,0.825
JUN,SNAI1,0.823
JUN,TJP2,0.909
JUN,TLR4,0.741
JUN,SFN,0.934
JUN,NFATC1,0.963
JUN,MAFB,0.991
JUN,ZFP36,0.716
JUN,PRKD1,0.702
JUND,MAPK13,0.736
JUND,SFN,0.912
KCNE4,KCNQ5,0.893
KCNJ13,KCNN4,0.932
KCNJ15,KCNJ2,0.815
KCNJ2,SCN4B,0.856
KCNJ2,KCNQ5,0.929
KIT,MITF,0.783
KIT,PDGFD,0.735
KIT,PECAM1,0.774
KIT,PIK3R1,0.995
KIT,VCAM1,0.729
KIT,TGFA,0.86
KIT,TFAP2B,0.776
KIT,KRT7,0.717
KIT,SHC3,0.925
KLF15,PLXND1,0.775
KLF2,S1PR1,0.856
KLF4,PBX1,0.862
KLF4,TCF4,0.702
KLF4,TBX3,0.878
KLK10,KLK7,0.804
KLK12,SPINK6,0.951
KLK5,KLK7,0.807
KLK5,SPINK6,0.952
KLK5,KLK8,0.947
KLK5,ST14,0.82
KLK7,KLK8,0.805
KMO,KYNU,0.999
KMO,OPN3,0.867
KRT14,KRT16,0.868
KRT14,KRT17,0.814
KRT14,KRT5,0.999
KRT14,PKP1,0.777
KRT16,KRT17,0.88
KRT16,KRT5,0.861
KRT17,KRT5,0.866
KRT17,SFN,0.967
KRT5,PKP1,0.835
LAMA2,LAMA4,0.768
LAMA2,LAMB3,0.828
LAMA2,LAMC2,0.878
LAMA2,LAMC3,0.939
LAMA2,NID1,0.908
LAMA2,SGCD,0.81
LAMA2,NID2,0.843
LAMA3,LAMB3,0.998
LAMA3,LAMC2,0.998
LAMA3,LAMC3,0.837
LAMA3,MMP7,0.701
LAMA3,NID1,0.813
LAMA3,PTK2,0.709
LAMA4,LAMB3,0.993
LAMA4,LAMC2,0.993
LAMA4,LAMC3,0.95
LAMA4,MCAM,0.961
LAMA4,NID1,0.797
LAMA4,PTK2,0.717
LAMA4,NID2,0.896
LAMB3,LAMC2,0.999
LAMB3,LAMC3,0.737
LAMB3,MMP7,0.718
LAMB3,PTK2,0.707
LAMC2,MMP7,0.753
LAMC2,PTK2,0.719
LAMC2,SV2A,0.721
LAMC3,NID1,0.865
LAMC3,NID2,0.762
LAMC3,SV2A,0.702
LAPTM5,SRGN,0.773
LDB2,LMO3,0.794
LDB2,SSBP2,0.85
LDB3,MBNL1,0.802
LDB3,PDLIM3,0.714
LDB3,SGCD,0.742
LDB3,NEXN,0.707
LEPR,SOCS3,0.994
LEPR,LEPROT,0.893
LGALS7,LGALS7B,0.986
LIFR,PIK3R1,0.911
LIMK2,RHOC,0.718
LIN7A,MPP1,0.758
LIPG,LPL,0.907
LIPG,MGLL,0.926
LIPG,PLPP3,0.716
LIPG,PNLIPRP3,0.908
LIPH,LPAR6,0.949
LLGL2,PRKCZ,0.994
LLGL2,YKT6,0.737
LMOD1,MYH11,0.951
LMOD1,MYL9,0.844
LMOD1,MYLK,0.822
LMOD1,TAGLN,0.757
LMOD1,TPM2,0.721
LOXL1,LTBP2,0.852
LOXL1,MFAP5,0.756
LOXL1,SERPINB1,0.79
LPAR1,LPAR6,0.992
LPCAT4,LYPLA1,0.909
LPCAT4,MBOAT2,0.968
LPCAT4,PLA2G7,0.908
LPL,LRP1,0.987
LPL,MGLL,0.967
LPL,PLPP3,0.917
LPL,PNLIPRP3,0.902
LRAT,RDH11,0.965
LRAT,STRA6,0.85
LRP1,MMP9,0.889
LRP1,PLAT,0.987
LRP1,TLR4,0.774
LRP4,WNT7A,0.751
LRRK2,MAP1B,0.732
LRRK2,RAB38,0.705
LRRK2,SFN,0.975
LUM,MFAP4,0.732
LUM,MMP2,0.78
LUM,OGN,0.859
LUM,OMD,0.742
LUM,POSTN,0.913
LUM,SPARC,0.954
LUM,THBS2,0.826
LUM,PRELP,0.771
LY96,TLR4,0.999
LYPLA1,MBOAT2,0.913
MACC1,MET,0.811
MAP1A,MAP1LC3C,0.841
MAP1B,MAP1LC3C,0.785
MAP1LC3C,OPN3,0.757
MAPK1,MAPK13,0.907
MAPK1,MITF,0.932
MAPK1,NCF2,0.915
MAPK1,NR4A1,0.924
MAPK1,PRKCZ,0.919
MAPK1,RPS6KA1,0.999
MAPK1,SMAD9,0.915
MAPK1,NFATC1,0.927
MAPK1,TBX3,0.911
MAPK1,SPHK1,0.922
MAPK13,NCF2,0.823
MAPK13,PRKG1,0.915
MAPK13,PTK2,0.914
MAPK13,MAPKAPK3,0.981
MARVELD2,OCLN,0.992
MARVELD2,TJP2,0.997
MASP1,PLAU,0.71
MASP1,SERPING1,0.99
MASP1,MISP,0.72
MBNL1,MBNL2,0.813
MBNL1,QKI,0.924
MBNL2,QKI,0.914
MBOAT2,PLPP3,0.846
MCAM,PECAM1,0.852
MCAM,RHOB,0.889
MCAM,RHOC,0.733
MEF2C,PTK2,0.914
MEF2C,TCF4,0.766
MEGF6,MFAP5,0.719
MET,MMP2,0.703
MET,MMP9,0.746
MET,PDGFD,0.715
MET,PIK3R1,0.872
MET,PLAU,0.765
MET,PTK2,0.935
MET,SNAI1,0.731
MET,TGFA,0.85
MET,SH3KBP1,0.919
MET,SHC3,0.922
MFAP4,MFAP5,0.713
MGLL,PNLIPRP3,0.905
MITF,SOX10,0.94
MITF,NFATC1,0.704
MITF,TYR,0.981
MMP1,MMP10,0.789
MMP1,MMP2,0.93
MMP1,MMP7,0.878
MMP1,MMP9,0.974
MMP1,PLAU,0.852
MMP1,TIMP2,0.936
MMP1,TIMP3,0.749
MMP10,MMP2,0.721
MMP10,MMP7,0.85
MMP10,TIMP2,0.981
MMP2,MMP7,0.961
MMP2,MMP9,0.918
MMP2,NCF2,0.917
MMP2,PECAM1,0.75
MMP2,PLAU,0.755
MMP2,POSTN,0.787
MMP2,RECK,0.783
MMP2,SNAI1,0.731
MMP2,SPARC,0.701
MMP2,TIMP2,0.999
MMP2,TIMP3,0.996
MMP2,THBS2,0.89
MMP7,MMP9,0.883
MMP7,NID1,0.852
MMP7,PLAU,0.746
MMP7,TIMP2,0.951
MMP7,TIMP3,0.922
MMP9,NCF2,0.941
MMP9,OCLN,0.766
MMP9,PECAM1,0.743
MMP9,PLAT,0.893
MMP9,PLAU,0.871
MMP9,RECK,0.758
MMP9,SNAI1,0.787
MMP9,TIMP2,0.998
MMP9,TLR4,0.934
MMP9,VCAM1,0.748
MMP9,ZEB1,0.703
MMP9,TIMP3,0.995
MMP9,VWF,0.805
MMP9,THBS2,0.968
MMRN2,ROBO4,0.736
MRAS,PIK3R1,0.919
MRAS,RASA1,0.962
MRAS,RGL1,0.935
MRC1,TLR4,0.79
MREG,MYO5A,0.887
MREG,RAB27B,0.7
MSLN,MUC16,0.995
MSX1,OSR2,0.873
MSX1,SNAI1,0.746
MUC16,MUC20,0.865
MYH11,MYH14,0.915
MYH11,MYL9,0.986
MYH11,MYLK,0.947
MYH11,RUNX1T1,0.814
MYH11,TAGLN,0.927
MYH11,TPM2,0.897
MYH14,MYL9,0.946
MYL9,MYLK,0.989
MYL9,RHOC,0.72
MYL9,TAGLN,0.929
MYL9,TPM2,0.866
MYLK,TPM2,0.82
MYO5A,MYRIP,0.997
MYO5A,RAB27B,0.882
MYO5B,SPINT2,0.713
MYO5B,RAB25,0.965
MYO5B,RAB3IP,0.712
MYOC,SPARCL1,0.856
MYRIP,RAB27B,0.968
NCF2,VCAM1,0.928
NEDD4L,PDGFRA,0.778
NEDD4L,SMAD6,0.801
NEDD4L,SFN,0.916
NEDD4L,SGK1,0.999
NES,PDGFRA,0.75
NES,S100B,0.728
NES,SYNM,0.949
NFATC4,SOX10,0.921
NID1,SPARC,0.815
NID1,NID2,0.916
NPR2,PDE1A,0.741
NPR2,PDE5A,0.855
NPR2,PDE1C,0.731
NPR2,PDE3A,0.859
NR4A1,PLXND1,0.775
NRG1,TGFA,0.735
NTRK2,NTRK3,0.969
NTRK2,PIK3R1,0.741
NTRK2,TGFA,0.712
NTRK2,SHC3,0.993
NTRK3,SHC3,0.922
OAS1,OAS2,0.999
OAS1,SAMD9,0.758
OAS2,SAMD9,0.848
OAS2,SAMD9L,0.835
OCLN,PECAM1,0.753
OCLN,PPP2R2C,0.906
OCLN,PRKCZ,0.766
OCLN,TJP2,0.999
OCLN,TLR4,0.746
OGN,OMD,0.946
OGN,PRELP,0.8
OMD,PRELP,0.814
OR4F16,OR4F29,0.999
OSBPL3,PLEK2,0.726
OSR2,PITX2,0.77
PARD3B,PRKCZ,0.773
PBX1,PKNOX2,0.917
PCOLCE2,PLS1,0.826
PDE1A,PDE1C,0.96
PDE5A,PRKG1,0.867
PDE5A,RHOBTB1,0.741
PDGFD,PDGFRA,0.999
PDGFD,PDGFRB,0.999
PDGFD,TEK,0.723
PDGFD,TGFA,0.919
PDGFRA,PDGFRB,0.989
PDGFRA,PECAM1,0.73
PDGFRA,PIK3R1,0.995
PDGFRA,PTK2,0.919
PDGFRA,SOX10,0.711
PDGFRA,TGFA,0.764
PDGFRA,SHC3,0.923
PDGFRB,PECAM1,0.785
PDGFRB,PIK3R1,0.999
PDGFRB,PTK2,0.925
PDGFRB,TAGLN,0.767
PDGFRB,TGFA,0.865
PDGFRB,RASA1,0.986
PDGFRB,SHC3,0.926
PDLIM3,SORBS2,0.706
PECAM1,SELE,0.959
PECAM1,TEK,0.842
PECAM1,VCAM1,0.82
PECAM1,TIE1,0.827
PECAM1,VWF,0.918
PGM2L1,PGM5,0.782
PGM2L1,PYGB,0.959
PGM5,SGCD,0.775
PGM5,SGCE,0.74
PGM5,PYGB,0.841
PGM5,SSPN,0.747
PIK3R1,PRKCZ,0.933
PIK3R1,PTK2,0.988
PIK3R1,TEK,0.735
PIK3R1,TLR4,0.925
PIK3R1,SH3KBP1,0.857
PIK3R1,PREX1,0.916
PIK3R1,VAV2,0.91
PIK3R1,ZFPM2,0.961
PKD2,PRKD1,0.83
PLA2G5,PLA2G7,0.766
PLAT,PLAU,0.837
PLAT,TFPI,0.788
PLAT,TIMP2,0.751
PLAT,VCAM1,0.756
PLAT,SERPINF1,0.818
PLAT,VWF,0.934
PLAU,TIMP2,0.718
PLEK2,RASA1,0.803
PLN,PRKG1,0.95
PLN,SFN,0.9
PLN,SLC8A1,0.82
PLP1,SOX10,0.883
PLP1,QKI,0.722
PLPP3,SGPL1,0.95
PLPP3,SPHK1,0.953
PLS1,TWF1,0.853
PLXND1,SEMA3A,0.945
PMP22,SH3TC2,0.725
PODXL,SELE,0.7
PODXL,SYNPO,0.926
POSTN,SPARC,0.797
POSTN,THBS2,0.828
POSTN,THBS4,0.774
PPBP,VWF,0.773
PPP2R2C,PRKCZ,0.906
PRKCZ,WWC1,0.949
PRKG1,SLC8A1,0.927
PRRX1,TWIST1,0.794
PRSS2,PRSS3,0.999
PRSS3,TFPI,0.781
PRSS8,SPINT1,0.899
PRSS8,SPINT2,0.807
PTK2,SOCS3,0.807
PTK2,VWF,0.738
PTK2,TGFB1I1,0.917
PTK2,THBS2,0.708
PTK2,SHC3,0.909
PTK2,VAV2,0.793
PTN,SPARC,0.817
PTN,SPARCL1,0.753
RAB38,TYR,0.778
RAP1GDS1,RHOC,0.827
RECK,SPARC,0.761
RECK,TIMP3,0.745
RHOB,RTKN,0.9
RHOB,VAV2,0.716
RHOB,RHPN2,0.929
RHOC,RTKN,0.952
ROBO2,SOX17,0.781
ROBO2,SLIT3,0.999
ROBO4,SLIT3,0.999
RPS6KA1,S100B,0.975
RTKN,SEPTIN4,0.75
RUNX1T1,ZBTB16,0.903
S100A2,S100B,0.789
S100B,SOX10,0.716
S100B,TLR4,0.844
S1PR1,SPHK1,0.918
SAMD9,SAMD9L,0.794
SCEL,SULF1,0.752
SCEL,SYNPO,0.72
SCIN,TMOD3,0.774
SCN4B,SCN7A,0.936
SELE,VCAM1,0.979
SELE,VWF,0.806
SEMA3A,SLIT3,0.771
SERPINB5,SFN,0.814
SGCD,SGCE,0.994
SGCD,SSPN,0.997
SGCE,SSPN,0.984
SGPL1,SPHK1,0.993
SKIL,SMAD6,0.8
SMAD6,SMAD9,0.956
SNAI1,TWIST1,0.901
SOCS3,TLR4,0.784
SOX10,TYR,0.884
SPARC,VCAM1,0.965
SPARC,VWF,0.765
SPARC,THBS2,0.735
SPARC,STAB1,0.895
SPARC,SPOCK1,0.891
SPINT1,ST14,0.998
SPINT2,ST14,0.851
ST3GAL4,VWF,0.759
SVEP1,VWF,0.857
TAGLN,TPM2,0.724
TCF4,TWIST1,0.892
TEK,TIE1,0.827
TEK,VWF,0.757
TEK,TGFA,0.762
TFPI,VWF,0.746
TIMP2,TIMP3,0.923
TJP2,USP53,0.733
TLR4,VCAM1,0.772
TLR4,XDH,0.82
TMOD3,TPM2,0.754
TMPRSS2,TMPRSS4,0.951
TNFRSF10A,TNFRSF10B,0.998
TNNT1,TPM2,0.976
TPSAB1,TPSB2,0.999
TRPM1,TYR,0.916
TWIST1,ZEB1,0.932
TWIST1,ZEB2,0.83
TXNIP,VAV2,0.95
VAMP8,YKT6,0.947
VCAM1,VWF,0.857
ZEB1,ZEB2,0.914
