tf,size
EBF1,588
MEF2C,552
OSR2,537
IRX3,517
MITF,486
MEOX2,414
SMAD5,412
ZFPM2,401
PLAGL1,388
ZNF532,384
ZEB2,377
ZNF229,371
HHEX,362
ETS1,354
ZNF703,349
IKZF1,335
E2F3,334
NR2F1,333
TAL1,323
TSHZ2,322
HLF,318
ZNF711,317
CREB5,316
RUNX2,313
ZNF503,310
PAX3,306
TSHZ3,304
IRX5,303
ZNF521,302
TEAD2,300
KLF12,296
HOXD8,284
NFIX,276
FLI1,275
SOX17,274
MSX2,272
MSANTD3,269
ZBTB7C,268
GLYR1,268
HES5,267
THRB,267
HEY2,252
RORB,247
AEBP1,241
ZNF91,240
FOXN3,238
GATA2,229
L3MBTL4,226
CEBPG,225
FOXN1,211
ZBTB5,203
ZNF326,203
DACH1,198
ZNF536,197
RORA,192
CREBL2,189
TOPORS,189
CUX1,185
NR1D1,177
TFCP2L1,176
NR4A1,175
GLMP,174
HOXD10,168
KLF4,164
ESRRG,162
DZIP1,160
MECOM,158
ZFP64,157
XPA,157
FOXF2,155
BHLHE41,154
TWIST1,150
SOX10,149
STAT2,148
BNC2,146
SOX7,146
KLF2,145
NR1D2,143
FOSB,143
E2F8,141
TET3,139
SKI,138
CSRNP1,136
PLSCR1,135
HIVEP3,133
MYCL,130
HSF2,128
ZNF57,127
IKZF5,127
TRERF1,125
ZBTB10,123
NFATC1,123
ZNF780A,120
FOXP2,116
ZNF486,111
RUNX3,110
ZXDC,108
SOX9,107
FOXL2,106
TFE3,105
ZNF488,105
KLF8,103
FOXN2,103
SOX15,102
MAFB,101
SOX5,100
MBD1,98
GTF2IRD1,98
MEIS2,97
ZNF461,97
ZEB1,97
ZNF99,97
PROX1,96
EGR1,96
ZNF280B,95
AHRR,95
ZNF83,95
MSX1,92
POU2AF1,91
ZBTB9,91
ZBTB43,90
ZNF134,87
GATA3,84
MYCN,81
KLF3,78
SMAD9,78
SP140L,76
ZNF136,75
FOXD1,75
SOX2,75
JUND,75
STAT4,70
GBX2,69
ZNF567,69
ZNF430,68
BHLHE22,68
PHF1,68
ZNF658,68
HMGA2,68
ZNF599,66
OVOL1,65
NFATC2,65
MYB,63
ARNT2,62
ELF2,61
FOXM1,60
TCF7L2,57
PURB,56
CENPT,56
HES2,56
ZNF717,55
ZNF483,53
PRRX1,52
DUX4,52
ZBED2,51
AR,50
TCF4,49
ZNF667,49
EGR4,48
ZNF675,48
MKX,47
TFDP1,46
ZBTB14,44
ZBTB7B,44
ZNF596,43
FOXC2,43
E2F2,41
ZNF22,41
PRDM16,40
NR4A3,40
ZNF324,39
DUX1,39
DUX3,39
ELK3,38
ZFHX4,38
ZNF814,38
NFIL3,37
CENPS,36
MBD6,36
FOXO3,35
ZNF804A,35
ZNF423,35
ZNF750,34
ZIK1,33
HOXD1,33
DLX3,32
LHX1,32
ZBTB21,31
TEAD1,31
FOS,31
ZNF777,30
ZNF30,29
PRDM6,29
ZNF770,29
TBX3,29
ZNF85,28
ZNF18,28
HMGN3,28
DMRTA2,28
PKNOX2,28
YBX2,27
ZNF687,27
SOX11,26
ZNF226,25
PPARG,25
ZFP42,25
ATF4,25
RXRA,24
ZBTB16,24
ZSCAN20,24
ZNF10,23
ZNF43,23
ZNF286A,23
ZNF568,22
ZNF431,22
CSRNP3,22
ZFP2,22
PAX6,22
ZNF2,22
ZFP30,21
TSC22D1,20
ZNF208,20
ETV3,20
NFIC,20
ELK4,20
THAP1,20
PBX1,19
BNC1,19
NR3C1,19
ZNF280D,19
CEBPA,19
PRDM2,19
DBP,19
ZNF616,19
GRHL3,18
ZNF174,18
MTF2,18
ZNF800,18
PRDM1,18
JUNB,18
ZNF77,18
ZNF451,18
BAZ2A,18
MTERF1,18
TLX2,17
ZNF628,17
CARF,17
BCL11B,17
TERF2,16
ZNF268,16
OTX1,16
ATOH8,15
IRF4,15
L3MBTL3,15
MEF2D,15
TET2,14
ALX1,14
ARID5B,14
HMBOX1,14
BATF,14
RFX2,14
CEBPD,14
ZNF141,14
KLF9,14
ZKSCAN5,13
GRHL1,13
NFATC4,13
PITX2,12
NR2F2,12
OSR1,12
ZNF177,12
SP5,12
HLX,12
CSRNP2,12
ZBTB41,12
HIC1,12
SOX18,12
TFAP2B,11
TRPS1,11
DLX4,11
CREM,11
ZNF44,11
ASH1L,11
YBX3,11
SOX8,11
ZNF362,11
ETS2,10
FOXE1,10
IRF2,10
ZXDB,10
NR4A2,10
ZNF496,9
SKIL,9
GLIS3,9
JUN,9
ZNF765,9
IRF6,9
ZNF165,9
POU6F2,9
ZNF311,9
ZNF704,9
ZFY,8
IRF8,8
SHOX,8
ATF3,8
TBX2,8
ZNF230,8
EBF3,8
ZNF217,8
KDM2A,8
NFE2L3,8
ZBTB20,8
ZFP91,8
BCL6,8
JDP2,8
BACH2,8
NFYB,8
NKX6-2,8
CPEB1,7
ZSCAN32,7
TP63,7
MYBL2,7
ELF3,7
KLF7,7
ZNF211,7
MAFF,7
ZNF562,7
ZKSCAN3,7
AKNA,7
BAZ2B,7
ZNF606,6
ZNF611,6
MEIS1,6
ZKSCAN4,6
ZNF607,6
SP7,6
ZNF709,6
NCOA2,6
ZNF600,6
SATB1,6
ZNF155,6
ZNF404,6
LCOR,6
FOXQ1,5
XBP1,5
ZNF33B,5
DLX5,5
ELF5,5
FOXC1,5
MEOX1,5
ZNF248,5
ETV4,5
TFAP2C,5
MYC,5
ZNF124,5
ZBTB46,5
POU2F3,5
ZNF222,5
ZNF256,5
POU6F1,5
OVOL2,5
MEF2A,5
ZNF334,5
ZNF529,5
ZNF415,5
ZNF618,5
ZBTB6,5
ZKSCAN7,4
CREB3L1,4
EMX2,4
ZFHX3,4
ZNF540,4
ZNF662,4
ZNF506,4
KLF15,4
ZNF385D,4
PLAGL2,4
NR3C2,4
L3MBTL1,4
SREBF2,4
ZNF285,4
FOXP1,4
FOSL2,4
ZSCAN16,4
ZNF835,4
ZNF789,4
PAX9,3
LHX6,3
MEIS3,3
ZNF813,3
ERF,3
TEAD3,3
ZNF879,3
ZNF419,3
HEY1,3
FOXO1,3
ZHX2,3
MAX,3
AHR,3
KLF5,3
BCL11A,3
ZNF20,3
SRCAP,3
RLF,3
ZNF101,3
ZBTB11,3
SOX4,3
NFX1,3
ZNF331,3
PLAG1,3
ETV7,3
POU3F3,2
GLIS1,2
ZNF718,2
RBPJ,2
EPAS1,2
DRAP1,2
NPAS3,2
TBX18,2
ZNF296,2
ZNF880,2
ZBED3,2
ZMAT1,2
GRHL2,2
TP73,2
TFAP2A,2
KLF10,2
ZHX3,2
CREB3L2,2
BPTF,2
THAP2,2
MBNL2,2
HIVEP1,2
IRF9,2
RARA,2
PCGF6,2
CENPA,2
KLF11,2
ZNF846,2
E2F7,2
MXD4,2
ZNF627,2
RREB1,2
ZSCAN12,2
PRDM8,2
TFDP2,2
ARNT,2
ZNF571,2
ZSCAN9,2
ZNF655,2
ZNF710,2
POU5F1,2
POU5F1B,2
ZSCAN25,2
ZNF665,2
ZNF263,2
THAP5,2
SMYD3,2
IRF1,1
BHLHE40,1
ZIM2,1
BARX2,1
GLI2,1
TET1,1
MYRF,1
FOSL1,1
FOXD2,1
SP3,1
ZNF586,1
REL,1
ZNF107,1
ZNF654,1
ZNF300,1
ZNF207,1
LHX2,1
RORC,1
ATF7,1
LCORL,1
AHCTF1,1
STAT5A,1
TIGD2,1
ZNF678,1
IRF5,1
ZNF280A,1
TGIF1,1
NFIA,1
CXXC5,1
SETBP1,1
ZNF706,1
ZNF462,1
ZNF561,1
ZNF180,1
EBF2,1
GTF2IRD2,1
IKZF2,1
ZNF33A,1
ZNF292,1
ZNF385B,1
ZNF680,1
HIVEP2,1
ZNF234,1
ZNF577,1
ZNF569,1
NFAT5,1
ZNF669,1
ZNF416,1
HIC2,1
ZNF225,1
FOXK1,1
ZBTB47,1
ZNF682,1
SMAD3,1
ZNF215,1
ZNF493,1
THAP8,1
ASCL2,1
ZNF395,1
GPBP1L1,1
MLX,1
HOXB2,1
THAP6,1
ZNF253,1
ZNF322,1
SETDB2,1
ZNF250,1
ZNF681,1
MYNN,1
NFATC3,1
ZNF394,1
HES4,1
ZNF385A,1
AHDC1,1
PPARA,1
ELF1,1
ZNF670,1
ZNF239,1
ZNF597,1
TIGD7,1
EGR2,1
MNT,1
TSHZ1,1
MLXIP,1
RARG,1
