tf,n_rewired_edges,size,frac_rewired
EBF1,531,588,0.903
MEF2C,475,552,0.861
OSR2,467,537,0.87
IRX3,461,517,0.892
MITF,432,486,0.889
SMAD5,367,412,0.891
MEOX2,350,414,0.845
ZFPM2,349,401,0.87
ZNF532,347,384,0.904
PLAGL1,339,388,0.874
ZNF229,338,371,0.911
ZEB2,336,377,0.891
ETS1,316,354,0.893
HHEX,306,362,0.845
E2F3,302,334,0.904
CREB5,300,316,0.949
IKZF1,299,335,0.893
TAL1,299,323,0.926
ZNF711,297,317,0.937
ZNF703,293,349,0.84
NR2F1,292,333,0.877
HLF,287,318,0.903
KLF12,282,296,0.953
TSHZ2,282,322,0.876
ZNF521,265,302,0.877
RUNX2,264,313,0.843
IRX5,258,303,0.851
TEAD2,258,300,0.86
TSHZ3,256,304,0.842
MSX2,247,272,0.908
MSANTD3,242,269,0.9
ZNF503,240,310,0.774
HOXD8,238,284,0.838
FLI1,235,275,0.855
NFIX,235,276,0.851
HES5,229,267,0.858
GLYR1,225,268,0.84
PAX3,222,306,0.725
THRB,222,267,0.831
L3MBTL4,219,226,0.969
AEBP1,217,241,0.9
HEY2,214,252,0.849
ZBTB7C,212,268,0.791
RORB,210,247,0.85
ZNF91,210,240,0.875
FOXN3,209,238,0.878
CEBPG,194,225,0.862
SOX17,186,274,0.679
FOXN1,185,211,0.877
GATA2,182,229,0.795
ZNF326,180,203,0.887
ZBTB5,179,203,0.882
CREBL2,161,189,0.852
TOPORS,157,189,0.831
CUX1,152,185,0.822
DACH1,152,198,0.768
GLMP,151,174,0.868
RORA,150,192,0.781
BHLHE41,139,154,0.903
KLF4,138,164,0.841
XPA,137,157,0.873
DZIP1,136,160,0.85
ZNF536,135,197,0.685
NR4A1,131,175,0.749
TFCP2L1,131,176,0.744
STAT2,130,148,0.878
ESRRG,129,162,0.796
MECOM,129,158,0.816
TWIST1,126,150,0.84
NR1D1,121,177,0.684
PLSCR1,120,135,0.889
BNC2,119,146,0.815
KLF2,119,145,0.821
HSF2,117,128,0.914
SOX10,117,149,0.785
FOSB,116,143,0.811
IKZF5,115,127,0.906
MYCL,115,130,0.885
FOXF2,114,155,0.735
HOXD10,114,168,0.679
ZFP64,114,157,0.726
TRERF1,113,125,0.904
NR1D2,112,143,0.783
TET3,107,139,0.77
HIVEP3,104,133,0.782
E2F8,102,141,0.723
FOXP2,102,116,0.879
NFATC1,101,123,0.821
ZBTB10,100,123,0.813
ZXDC,97,108,0.898
CSRNP1,96,136,0.706
SOX7,92,146,0.63
MAFB,91,101,0.901
FOXL2,90,106,0.849
ZNF486,90,111,0.811
ZEB1,86,97,0.887
ZNF780A,86,120,0.717
SKI,82,138,0.594
ZNF57,82,127,0.646
ZNF83,82,95,0.863
TFE3,81,105,0.771
ZNF488,81,105,0.771
RUNX3,80,110,0.727
KLF8,79,103,0.767
PROX1,79,96,0.823
EGR1,78,96,0.812
SOX5,77,100,0.77
ZNF280B,77,95,0.811
MYCN,76,81,0.938
KLF3,75,78,0.962
ZNF461,75,97,0.773
ZBTB9,74,91,0.813
SOX9,73,107,0.682
FOXN2,72,103,0.699
JUND,72,75,0.96
MBD1,72,98,0.735
SOX15,70,102,0.686
GTF2IRD1,69,98,0.704
ZNF134,68,87,0.782
ZNF99,67,97,0.691
HMGA2,66,68,0.971
POU2AF1,66,91,0.725
SP140L,66,76,0.868
FOXD1,63,75,0.84
ZNF136,63,75,0.84
GATA3,61,84,0.726
SMAD9,61,78,0.782
MSX1,59,92,0.641
AHRR,56,95,0.589
GBX2,56,69,0.812
MEIS2,56,97,0.577
PHF1,56,68,0.824
ZBTB43,55,90,0.611
ARNT2,52,62,0.839
ZNF430,52,68,0.765
ZNF567,51,69,0.739
BHLHE22,50,68,0.735
ZNF599,50,66,0.758
CENPT,49,56,0.875
NFATC2,49,65,0.754
SOX2,49,75,0.653
TCF7L2,48,57,0.842
ZNF658,47,68,0.691
ZNF717,47,55,0.855
PURB,46,56,0.821
PRRX1,45,52,0.865
DUX4,44,52,0.846
ELF2,44,61,0.721
MYB,44,63,0.698
ZNF667,41,49,0.837
AR,40,50,0.8
HES2,37,56,0.661
ZNF596,37,43,0.86
ZNF675,37,48,0.771
ZNF483,36,53,0.679
OVOL1,35,65,0.538
TCF4,35,49,0.714
ZBTB14,35,44,0.795
ZFHX4,35,38,0.921
ZNF324,35,39,0.897
STAT4,33,70,0.471
MKX,32,47,0.681
NFIL3,32,37,0.865
NR4A3,32,40,0.8
EGR4,31,48,0.646
FOXC2,31,43,0.721
TFDP1,31,46,0.674
ELK3,30,38,0.789
E2F2,28,41,0.683
FOXM1,28,60,0.467
ZBED2,28,51,0.549
DLX3,27,32,0.844
FOXO3,27,35,0.771
PRDM16,27,40,0.675
TEAD1,27,31,0.871
ZNF804A,27,35,0.771
ZNF18,25,28,0.893
SOX11,24,26,0.923
TBX3,24,29,0.828
RXRA,23,24,0.958
ZNF687,23,27,0.852
ZNF770,23,29,0.793
ZNF777,23,30,0.767
DMRTA2,22,28,0.786
ZBTB21,22,31,0.71
ZNF814,22,38,0.579
CENPS,21,36,0.583
ZBTB7B,21,44,0.477
ZSCAN20,21,24,0.875
DUX1,20,39,0.513
DUX3,20,39,0.513
FOS,20,31,0.645
HMGN3,20,28,0.714
HOXD1,20,33,0.606
ZFP42,20,25,0.8
ZNF10,20,23,0.87
ZNF22,20,41,0.488
ZNF30,20,29,0.69
ZNF85,20,28,0.714
ZNF208,19,20,0.95
ZNF226,19,25,0.76
LHX1,18,32,0.562
YBX2,18,27,0.667
BNC1,17,19,0.895
NR3C1,17,19,0.895
PRDM1,17,18,0.944
ZNF286A,17,23,0.739
ATF4,16,25,0.64
JUNB,16,18,0.889
PKNOX2,16,28,0.571
PRDM2,16,19,0.842
PRDM6,16,29,0.552
ZNF431,16,22,0.727
ZNF451,16,18,0.889
TSC22D1,15,20,0.75
ZBTB16,15,24,0.625
ZNF174,15,18,0.833
ZNF568,15,22,0.682
CSRNP3,14,22,0.636
ETV3,14,20,0.7
MTERF1,14,18,0.778
MTF2,14,18,0.778
TERF2,14,16,0.875
ZFP30,14,21,0.667
ZNF628,14,17,0.824
ALX1,13,14,0.929
BCL11B,13,17,0.765
CEBPD,13,14,0.929
MBD6,13,36,0.361
PPARG,13,25,0.52
RFX2,13,14,0.929
THAP1,13,20,0.65
ZIK1,13,33,0.394
ZNF280D,13,19,0.684
ZNF750,13,34,0.382
DBP,12,19,0.632
IRF4,12,15,0.8
NR2F2,12,12,1
ZFP2,12,22,0.545
ZNF800,12,18,0.667
ARID5B,11,14,0.786
ATOH8,11,15,0.733
ELK4,11,20,0.55
GRHL1,11,13,0.846
L3MBTL3,11,15,0.733
PBX1,11,19,0.579
TLX2,11,17,0.647
ZNF268,11,16,0.688
ZNF43,11,23,0.478
NFIC,10,20,0.5
YBX3,10,11,0.909
CARF,9,17,0.529
CEBPA,9,19,0.474
CSRNP2,9,12,0.75
HMBOX1,9,14,0.643
NFATC4,9,13,0.692
PAX6,9,22,0.409
TET2,9,14,0.643
ZNF2,9,22,0.409
ZNF616,9,19,0.474
IRF6,8,9,0.889
KLF9,8,14,0.571
NFE2L3,8,8,1
OTX1,8,16,0.5
SKIL,8,9,0.889
SOX18,8,12,0.667
ASH1L,7,11,0.636
BAZ2A,7,18,0.389
BAZ2B,7,7,1
CPEB1,7,7,1
DLX4,7,11,0.636
ETS2,7,10,0.7
GRHL3,7,18,0.389
HLX,7,12,0.583
MEF2D,7,15,0.467
MYBL2,7,7,1
NKX6-2,7,8,0.875
POU6F2,7,9,0.778
TBX2,7,8,0.875
TFAP2B,7,11,0.636
TRPS1,7,11,0.636
ZBTB20,7,8,0.875
ZNF165,7,9,0.778
ZNF230,7,8,0.875
ZNF496,7,9,0.778
ZNF704,7,9,0.778
ZXDB,7,10,0.7
BACH2,6,8,0.75
KDM2A,6,8,0.75
LCOR,6,6,1
OSR1,6,12,0.5
SHOX,6,8,0.75
ZNF44,6,11,0.545
ATF3,5,8,0.625
ETV4,5,5,1
HIC1,5,12,0.417
JUN,5,9,0.556
MYC,5,5,1
NR4A2,5,10,0.5
POU2F3,5,5,1
SATB1,5,6,0.833
ZBTB41,5,12,0.417
ZFP91,5,8,0.625
ZKSCAN3,5,7,0.714
ZKSCAN5,5,13,0.385
ZNF141,5,14,0.357
ZNF177,5,12,0.417
ZNF211,5,7,0.714
ZNF217,5,8,0.625
ZNF222,5,5,1
ZNF311,5,9,0.556
ZNF362,5,11,0.455
ZNF77,5,18,0.278
AKNA,4,7,0.571
BATF,4,14,0.286
BCL6,4,8,0.5
ELF3,4,7,0.571
EMX2,4,4,1
GLIS3,4,9,0.444
IRF8,4,8,0.5
JDP2,4,8,0.5
MAFF,4,7,0.571
MEOX1,4,5,0.8
NCOA2,4,6,0.667
NFYB,4,8,0.5
PITX2,4,12,0.333
PLAGL2,4,4,1
SOX8,4,11,0.364
SP7,4,6,0.667
TP63,4,7,0.571
XBP1,4,5,0.8
ZFY,4,8,0.5
ZNF404,4,6,0.667
ZNF506,4,4,1
ZNF607,4,6,0.667
ZNF662,4,4,1
ZSCAN32,4,7,0.571
ELF5,3,5,0.6
ETV7,3,3,1
FOXO1,3,3,1
KLF15,3,4,0.75
KLF7,3,7,0.429
NFX1,3,3,1
SOX4,3,3,1
SREBF2,3,4,0.75
ZBTB11,3,3,1
ZNF256,3,5,0.6
ZNF540,3,4,0.75
ZNF611,3,6,0.5
ZNF813,3,3,1
AHR,2,3,0.667
BPTF,2,2,1
CREM,2,11,0.182
DLX5,2,5,0.4
DRAP1,2,2,1
EPAS1,2,2,1
HEY1,2,3,0.667
KLF11,2,2,1
KLF5,2,3,0.667
LHX6,2,3,0.667
MAX,2,3,0.667
MEIS1,2,6,0.333
MEIS3,2,3,0.667
MXD4,2,2,1
NPAS3,2,2,1
NR3C2,2,4,0.5
PCGF6,2,2,1
PLAG1,2,3,0.667
RARA,2,2,1
SP5,2,12,0.167
TFAP2C,2,5,0.4
THAP2,2,2,1
TP73,2,2,1
ZBED3,2,2,1
ZBTB6,2,5,0.4
ZFHX3,2,4,0.5
ZKSCAN4,2,6,0.333
ZNF155,2,6,0.333
ZNF20,2,3,0.667
ZNF423,2,35,0.057
ZNF529,2,5,0.4
ZNF618,2,5,0.4
ZNF627,2,2,1
ZNF655,2,2,1
ZNF765,2,9,0.222
ZNF789,2,4,0.5
ZNF879,2,3,0.667
ZSCAN16,2,4,0.5
ASCL2,1,1,1
BCL11A,1,3,0.333
BHLHE40,1,1,1
CREB3L1,1,4,0.25
EBF3,1,8,0.125
ELF1,1,1,1
FOXC1,1,5,0.2
FOXE1,1,10,0.1
FOXK1,1,1,1
FOXQ1,1,5,0.2
GLIS1,1,2,0.5
HIVEP1,1,2,0.5
IKZF2,1,1,1
IRF1,1,1,1
IRF2,1,10,0.1
KLF10,1,2,0.5
LCORL,1,1,1
MEF2A,1,5,0.2
MLX,1,1,1
MLXIP,1,1,1
MNT,1,1,1
MYRF,1,1,1
NFATC3,1,1,1
NFIA,1,1,1
OVOL2,1,5,0.2
PAX9,1,3,0.333
POU3F3,1,2,0.5
POU6F1,1,5,0.2
RREB1,1,2,0.5
SRCAP,1,3,0.333
STAT5A,1,1,1
TEAD3,1,3,0.333
TET1,1,1,1
TFAP2A,1,2,0.5
TGIF1,1,1,1
THAP8,1,1,1
TIGD2,1,1,1
TIGD7,1,1,1
ZHX2,1,3,0.333
ZIM2,1,1,1
ZNF107,1,1,1
ZNF124,1,5,0.2
ZNF248,1,5,0.2
ZNF263,1,2,0.5
ZNF285,1,4,0.25
ZNF296,1,2,0.5
ZNF33A,1,1,1
ZNF33B,1,5,0.2
ZNF395,1,1,1
ZNF561,1,1,1
ZNF569,1,1,1
ZNF597,1,1,1
ZNF718,1,2,0.5
ZNF835,1,4,0.25
